condition,system,source,knob,knob_value,n_turns,cutoff_rate,cutoff_rate_at_tolerance,false_hold_rate,latency_p50,latency_p95,latency_p99,latency_fallback_p50,latency_fallback_p95,latency_fallback_p99
gold_16k,fixed_timeout+silero,silero,timeout_ms,100,198,0.4292929292929293,0.4090909090909091,0.0,128.0,160.0,192.0,128.0,160.0,192.0
gold_16k,fixed_timeout+silero,silero,timeout_ms,200,198,0.30808080808080807,0.29797979797979796,0.0,224.0,256.0,509.4399999999987,224.0,256.0,509.4399999999987
gold_16k,fixed_timeout+silero,silero,timeout_ms,300,198,0.25252525252525254,0.2474747474747475,0.005050505050505051,320.0,374.39999999999964,709.119999999999,320.0,384.0,1395.5200000000013
gold_16k,fixed_timeout+silero,silero,timeout_ms,400,198,0.21212121212121213,0.20707070707070707,0.020202020202020204,416.0,448.0,736.0,416.0,568.0,2000.0
gold_16k,fixed_timeout+silero,silero,timeout_ms,500,198,0.17676767676767677,0.1717171717171717,0.020202020202020204,512.0,547.1999999999998,1100.799999999992,512.0,726.4000000000005,2000.0
gold_16k,fixed_timeout+silero,silero,timeout_ms,600,198,0.13131313131313133,0.12626262626262627,0.020202020202020204,608.0,692.8000000000002,1589.1200000000008,608.0,928.0,2000.0
gold_16k,fixed_timeout+silero,silero,timeout_ms,700,198,0.1111111111111111,0.1111111111111111,0.03535353535353535,704.0,819.1999999999998,1684.4799999999996,704.0,1680.0,2000.0
gold_16k,fixed_timeout+silero,silero,timeout_ms,800,198,0.10606060606060606,0.10606060606060606,0.045454545454545456,800.0,884.8000000000002,1631.3600000000024,800.0,1859.199999999998,2000.0
gold_16k,fixed_timeout+silero,silero,timeout_ms,900,198,0.0707070707070707,0.0707070707070707,0.05555555555555555,928.0,1004.8000000000002,1749.7600000000002,944.0,2000.0,2000.0
gold_16k,fixed_timeout+silero,silero,timeout_ms,1000,198,0.04040404040404041,0.04040404040404041,0.07575757575757576,1024.0,1088.0,1712.6399999999994,1056.0,2000.0,2000.0
gold_16k,fixed_timeout+silero,silero,timeout_ms,1100,198,0.03535353535353535,0.03535353535353535,0.09090909090909091,1120.0,1184.0,1809.92,1152.0,2000.0,2000.0
gold_16k,fixed_timeout+silero,silero,timeout_ms,1200,198,0.03535353535353535,0.03535353535353535,0.09595959595959595,1216.0,1280.0,1906.5599999999995,1248.0,2000.0,2000.0
gold_16k,fixed_timeout+silero,silero,timeout_ms,1300,198,0.025252525252525252,0.025252525252525252,0.11616161616161616,1312.0,1344.0,1632.0,1344.0,2000.0,2000.0
gold_16k,fixed_timeout+silero,silero,timeout_ms,1400,198,0.025252525252525252,0.025252525252525252,0.13131313131313133,1408.0,1440.0,1664.6400000000003,1440.0,2000.0,2000.0
gold_16k,fixed_timeout+silero,silero,timeout_ms,1500,198,0.010101010101010102,0.010101010101010102,0.1414141414141414,1504.0,1536.0,1759.6800000000012,1536.0,2000.0,2000.0
gold_16k,fixed_timeout+silero,silero,timeout_ms,1600,198,0.010101010101010102,0.010101010101010102,0.15656565656565657,1600.0,1632.0,1858.5599999999986,1632.0,2000.0,2000.0
gold_16k,fixed_timeout+silero,silero,timeout_ms,1700,198,0.010101010101010102,0.010101010101010102,0.17676767676767677,1728.0,1760.0,1824.0,1760.0,2000.0,2000.0
gold_16k,fixed_timeout+silero,silero,timeout_ms,1800,198,0.0,0.0,0.19696969696969696,1824.0,1856.0,1901.4399999999996,1856.0,2000.0,2000.0
gold_16k,fixed_timeout+silero,silero,timeout_ms,1900,198,0.0,0.0,0.21212121212121213,1920.0,1952.0,1966.3999999999996,1952.0,2000.0,2000.0
gold_16k,fixed_timeout+silero,silero,timeout_ms,2000,198,0.0,0.0,0.9747474747474747,1758.0,1884.0,1887.2,2000.0,2000.0,2000.0
gold_16k,fixed_timeout+energy,energy,timeout_ms,500.0,198,0.14646464646464646,0.1414141414141414,0.12121212121212122,448.0,1495.9999999999995,1749.7600000000002,480.0,2000.0,2000.0
gold_16k,fixed_timeout+energy,energy,timeout_ms,800.0,198,0.05555555555555555,0.050505050505050504,0.31313131313131315,736.0,1760.0,1944.3200000000002,1024.0,2000.0,2000.0
gold_16k,fixed_timeout+energy,energy,timeout_ms,1000.0,198,0.010101010101010102,0.010101010101010102,0.46464646464646464,960.0,1760.0,1952.0,1760.0,2000.0,2000.0
gold_16k,punctuation,silero,none,0.0,198,0.6262626262626263,0.2474747474747475,0.06565656565656566,64.0,480.0,627.1999999999998,96.0,2000.0,2000.0
gold_16k,punctuation+gate200,silero,none,0.0,198,0.11616161616161616,0.1111111111111111,0.09090909090909091,256.0,454.39999999999964,632.3199999999997,256.0,2000.0,2000.0
gold_16k,text_eot_v1.1,silero,threshold,0.05,198,0.7929292929292929,0.6363636363636364,0.030303030303030304,32.0,265.5999999999999,478.079999999999,64.0,2000.0,2000.0
gold_16k,text_eot_v1.1,silero,threshold,0.1,198,0.7727272727272727,0.5959595959595959,0.050505050505050504,32.0,256.0,467.1999999999989,128.0,2000.0,2000.0
gold_16k,text_eot_v1.1,silero,threshold,0.15,198,0.7323232323232324,0.5252525252525253,0.09595959595959595,32.0,256.0,470.40000000000055,160.0,2000.0,2000.0
gold_16k,text_eot_v1.1,silero,threshold,0.2,198,0.6666666666666666,0.4797979797979798,0.16161616161616163,32.0,256.0,320.32000000000016,304.0,2000.0,2000.0
gold_16k,text_eot_v1.1,silero,threshold,0.25,198,0.5909090909090909,0.40404040404040403,0.2222222222222222,32.0,268.7999999999997,340.48,2000.0,2000.0,2000.0
gold_16k,text_eot_v1.1,silero,threshold,0.3,198,0.5151515151515151,0.32323232323232326,0.29797979797979796,32.0,268.7999999999997,340.48,2000.0,2000.0,2000.0
gold_16k,text_eot_v1.1,silero,threshold,0.35,198,0.4444444444444444,0.2777777777777778,0.37373737373737376,32.0,272.0,569.5999999999995,2000.0,2000.0,2000.0
gold_16k,text_eot_v1.1,silero,threshold,0.4,198,0.37373737373737376,0.23232323232323232,0.45454545454545453,32.0,345.59999999999945,640.6400000000003,2000.0,2000.0,2000.0
gold_16k,text_eot_v1.1,silero,threshold,0.45,198,0.31313131313131315,0.18181818181818182,0.5202020202020202,32.0,236.79999999999995,430.0799999999999,2000.0,2000.0,2000.0
gold_16k,text_eot_v1.1,silero,threshold,0.5,198,0.2727272727272727,0.15656565656565657,0.5808080808080808,32.0,224.0,247.03999999999996,2000.0,2000.0,2000.0
gold_16k,text_eot_v1.1,silero,threshold,0.55,198,0.23232323232323232,0.12121212121212122,0.6313131313131313,32.0,224.0,247.67999999999995,2000.0,2000.0,2000.0
gold_16k,text_eot_v1.1,silero,threshold,0.6,198,0.06565656565656566,0.030303030303030304,0.8535353535353535,22.0,168.0,187.2,2000.0,2000.0,2000.0
gold_16k,text_eot_v1.1,silero,threshold,0.65,198,0.015151515151515152,0.005050505050505051,0.9595959595959596,12.0,134.39999999999998,154.88,2000.0,2000.0,2000.0
gold_16k,text_eot_v1.1,silero,threshold,0.7,198,0.010101010101010102,0.005050505050505051,0.9747474747474747,32.0,147.2,157.44,2000.0,2000.0,2000.0
gold_16k,text_eot_v1.1,silero,threshold,0.75,198,0.010101010101010102,0.005050505050505051,0.9747474747474747,32.0,147.2,157.44,2000.0,2000.0,2000.0
gold_16k,text_eot_v1.1,silero,threshold,0.8,198,0.010101010101010102,0.005050505050505051,0.9747474747474747,32.0,147.2,157.44,2000.0,2000.0,2000.0
gold_16k,text_eot_v1.1,silero,threshold,0.85,198,0.010101010101010102,0.005050505050505051,0.9747474747474747,32.0,147.2,157.44,2000.0,2000.0,2000.0
gold_16k,text_eot_v1.1,silero,threshold,0.9,198,0.005050505050505051,0.0,0.9848484848484849,96.0,153.6,158.72,2000.0,2000.0,2000.0
gold_16k,text_eot_v1.1,silero,threshold,0.95,198,0.0,0.0,1.0,,,,2000.0,2000.0,2000.0
gold_16k,text_eot_v1.1+gate200,silero,threshold,0.05,198,0.2222222222222222,0.2222222222222222,0.10101010101010101,224.0,331.1999999999998,565.4399999999996,256.0,2000.0,2000.0
gold_16k,text_eot_v1.1+gate200,silero,threshold,0.1,198,0.19696969696969696,0.19696969696969696,0.1717171717171717,224.0,345.5999999999999,568.3200000000002,256.0,2000.0,2000.0
gold_16k,text_eot_v1.1+gate200,silero,threshold,0.15,198,0.15656565656565657,0.15656565656565657,0.2474747474747475,224.0,292.7999999999997,544.0,256.0,2000.0,2000.0
gold_16k,text_eot_v1.1+gate200,silero,threshold,0.2,198,0.12626262626262627,0.12626262626262627,0.3282828282828283,224.0,308.7999999999997,530.5599999999986,256.0,2000.0,2000.0
gold_16k,text_eot_v1.1+gate200,silero,threshold,0.25,198,0.09090909090909091,0.09090909090909091,0.41414141414141414,224.0,292.7999999999997,548.8000000000002,256.0,2000.0,2000.0
gold_16k,text_eot_v1.1+gate200,silero,threshold,0.3,198,0.07575757575757576,0.07575757575757576,0.4494949494949495,224.0,267.1999999999998,376.6399999999976,352.0,2000.0,2000.0
gold_16k,text_eot_v1.1+gate200,silero,threshold,0.35,198,0.06060606060606061,0.06060606060606061,0.51010101010101,224.0,256.0,408.3199999999988,2000.0,2000.0,2000.0
gold_16k,text_eot_v1.1+gate200,silero,threshold,0.4,198,0.050505050505050504,0.050505050505050504,0.5858585858585859,224.0,270.4000000000001,567.6800000000012,2000.0,2000.0,2000.0
gold_16k,text_eot_v1.1+gate200,silero,threshold,0.45,198,0.045454545454545456,0.045454545454545456,0.6212121212121212,224.0,256.0,366.3999999999987,2000.0,2000.0,2000.0
gold_16k,text_eot_v1.1+gate200,silero,threshold,0.5,198,0.045454545454545456,0.045454545454545456,0.6717171717171717,224.0,256.0,270.4000000000001,2000.0,2000.0,2000.0
gold_16k,text_eot_v1.1+gate200,silero,threshold,0.55,198,0.03535353535353535,0.03535353535353535,0.7121212121212122,240.0,256.0,272.31999999999994,2000.0,2000.0,2000.0
gold_16k,text_eot_v1.1+gate200,silero,threshold,0.6,198,0.005050505050505051,0.005050505050505051,0.8737373737373737,256.0,256.0,280.64,2000.0,2000.0,2000.0
gold_16k,text_eot_v1.1+gate200,silero,threshold,0.65,198,0.0,0.0,0.9646464646464646,256.0,256.0,256.0,2000.0,2000.0,2000.0
gold_16k,text_eot_v1.1+gate200,silero,threshold,0.7,198,0.0,0.0,0.9797979797979798,256.0,256.0,256.0,2000.0,2000.0,2000.0
gold_16k,text_eot_v1.1+gate200,silero,threshold,0.75,198,0.0,0.0,0.9797979797979798,256.0,256.0,256.0,2000.0,2000.0,2000.0
gold_16k,text_eot_v1.1+gate200,silero,threshold,0.8,198,0.0,0.0,0.9797979797979798,256.0,256.0,256.0,2000.0,2000.0,2000.0
gold_16k,text_eot_v1.1+gate200,silero,threshold,0.85,198,0.0,0.0,0.9797979797979798,256.0,256.0,256.0,2000.0,2000.0,2000.0
gold_16k,text_eot_v1.1+gate200,silero,threshold,0.9,198,0.0,0.0,0.9848484848484849,256.0,256.0,256.0,2000.0,2000.0,2000.0
gold_16k,text_eot_v1.1+gate200,silero,threshold,0.95,198,0.0,0.0,1.0,,,,2000.0,2000.0,2000.0
gold_16k,prosody_prosody+gate200,silero,threshold,0.05,198,0.2676767676767677,0.26262626262626265,0.025252525252525252,224.0,256.0,506.5599999999986,256.0,428.79999999999836,2000.0
gold_16k,prosody_prosody+gate200,silero,threshold,0.1,198,0.2676767676767677,0.26262626262626265,0.025252525252525252,224.0,256.0,506.5599999999986,256.0,428.79999999999836,2000.0
gold_16k,prosody_prosody+gate200,silero,threshold,0.15,198,0.2676767676767677,0.26262626262626265,0.025252525252525252,224.0,256.0,506.5599999999986,256.0,428.79999999999836,2000.0
gold_16k,prosody_prosody+gate200,silero,threshold,0.2,198,0.2676767676767677,0.26262626262626265,0.025252525252525252,224.0,256.0,506.5599999999986,256.0,428.79999999999836,2000.0
gold_16k,prosody_prosody+gate200,silero,threshold,0.25,198,0.2676767676767677,0.26262626262626265,0.025252525252525252,224.0,256.0,506.5599999999986,256.0,428.79999999999836,2000.0
gold_16k,prosody_prosody+gate200,silero,threshold,0.3,198,0.2676767676767677,0.26262626262626265,0.025252525252525252,224.0,256.0,506.5599999999986,256.0,428.79999999999836,2000.0
gold_16k,prosody_prosody+gate200,silero,threshold,0.35,198,0.2676767676767677,0.26262626262626265,0.025252525252525252,224.0,256.0,506.5599999999986,256.0,428.79999999999836,2000.0
gold_16k,prosody_prosody+gate200,silero,threshold,0.4,198,0.26262626262626265,0.25757575757575757,0.025252525252525252,224.0,256.0,505.59999999999945,256.0,424.0,2000.0
gold_16k,prosody_prosody+gate200,silero,threshold,0.45,198,0.25252525252525254,0.2474747474747475,0.050505050505050504,224.0,256.0,508.47999999999956,256.0,2000.0,2000.0
gold_16k,prosody_prosody+gate200,silero,threshold,0.5,198,0.25252525252525254,0.2474747474747475,0.09595959595959595,256.0,288.0,1685.7599999999993,256.0,2000.0,2000.0
gold_16k,prosody_prosody+gate200,silero,threshold,0.55,198,0.21212121212121213,0.20707070707070707,0.1414141414141414,256.0,510.3999999999992,1943.3600000000001,256.0,2000.0,2000.0
gold_16k,prosody_prosody+gate200,silero,threshold,0.6,198,0.16161616161616163,0.15656565656565657,0.2727272727272727,256.0,1089.5999999999967,1948.48,256.0,2000.0,2000.0
gold_16k,prosody_prosody+gate200,silero,threshold,0.65,198,0.10606060606060606,0.10101010101010101,0.4797979797979798,256.0,1244.8000000000002,1958.08,2000.0,2000.0,2000.0
gold_16k,prosody_prosody+gate200,silero,threshold,0.7,198,0.0707070707070707,0.06565656565656566,0.6262626262626263,256.0,1921.6,1984.0,2000.0,2000.0,2000.0
gold_16k,prosody_prosody+gate200,silero,threshold,0.75,198,0.04040404040404041,0.04040404040404041,0.8131313131313131,256.0,1971.1999999999998,1984.0,2000.0,2000.0,2000.0
gold_16k,prosody_prosody+gate200,silero,threshold,0.8,198,0.010101010101010102,0.010101010101010102,0.9595959595959596,1616.0,1984.0,1984.0,2000.0,2000.0,2000.0
gold_16k,prosody_prosody+gate200,silero,threshold,0.85,198,0.0,0.0,1.0,,,,2000.0,2000.0,2000.0
gold_16k,prosody_prosody+gate200,silero,threshold,0.9,198,0.0,0.0,1.0,,,,2000.0,2000.0,2000.0
gold_16k,prosody_prosody+gate200,silero,threshold,0.95,198,0.0,0.0,1.0,,,,2000.0,2000.0,2000.0
gold_16k,prosody_fusion+gate200,silero,threshold,0.05,198,0.2676767676767677,0.26262626262626265,0.025252525252525252,224.0,256.0,506.5599999999986,256.0,428.79999999999836,2000.0
gold_16k,prosody_fusion+gate200,silero,threshold,0.1,198,0.2676767676767677,0.26262626262626265,0.025252525252525252,224.0,257.59999999999945,563.5199999999995,256.0,524.7999999999984,2000.0
gold_16k,prosody_fusion+gate200,silero,threshold,0.15,198,0.2676767676767677,0.26262626262626265,0.025252525252525252,224.0,257.59999999999945,563.5199999999995,256.0,524.7999999999984,2000.0
gold_16k,prosody_fusion+gate200,silero,threshold,0.2,198,0.2676767676767677,0.26262626262626265,0.025252525252525252,224.0,257.59999999999945,563.5199999999995,256.0,524.7999999999984,2000.0
gold_16k,prosody_fusion+gate200,silero,threshold,0.25,198,0.2676767676767677,0.26262626262626265,0.025252525252525252,224.0,257.59999999999945,563.5199999999995,256.0,524.7999999999984,2000.0
gold_16k,prosody_fusion+gate200,silero,threshold,0.3,198,0.2676767676767677,0.26262626262626265,0.03535353535353535,224.0,260.8000000000002,564.1599999999999,256.0,1599.9999999999782,2000.0
gold_16k,prosody_fusion+gate200,silero,threshold,0.35,198,0.2676767676767677,0.26262626262626265,0.03535353535353535,224.0,288.0,564.1599999999999,256.0,1599.9999999999782,2000.0
gold_16k,prosody_fusion+gate200,silero,threshold,0.4,198,0.26262626262626265,0.25757575757575757,0.050505050505050504,224.0,304.0,1408.0000000000073,256.0,2000.0,2000.0
gold_16k,prosody_fusion+gate200,silero,threshold,0.45,198,0.24242424242424243,0.23737373737373738,0.08080808080808081,224.0,310.39999999999964,1433.599999999984,256.0,2000.0,2000.0
gold_16k,prosody_fusion+gate200,silero,threshold,0.5,198,0.24242424242424243,0.23737373737373738,0.12121212121212122,224.0,424.0,1704.0,256.0,2000.0,2000.0
gold_16k,prosody_fusion+gate200,silero,threshold,0.55,198,0.20707070707070707,0.20202020202020202,0.15656565656565657,240.0,424.0,1904.0,256.0,2000.0,2000.0
gold_16k,prosody_fusion+gate200,silero,threshold,0.6,198,0.16161616161616163,0.16161616161616163,0.18686868686868688,256.0,563.1999999999998,1902.08,256.0,2000.0,2000.0
gold_16k,prosody_fusion+gate200,silero,threshold,0.65,198,0.13636363636363635,0.13636363636363635,0.2474747474747475,256.0,544.0,1778.8799999999947,256.0,2000.0,2000.0
gold_16k,prosody_fusion+gate200,silero,threshold,0.7,198,0.12626262626262627,0.12626262626262627,0.30808080808080807,256.0,1089.5999999999967,1895.3600000000001,256.0,2000.0,2000.0
gold_16k,prosody_fusion+gate200,silero,threshold,0.75,198,0.08585858585858586,0.08585858585858586,0.398989898989899,256.0,1233.5999999999967,1917.7599999999989,544.0,2000.0,2000.0
gold_16k,prosody_fusion+gate200,silero,threshold,0.8,198,0.0707070707070707,0.0707070707070707,0.5505050505050505,256.0,915.1999999999998,1960.3200000000002,2000.0,2000.0,2000.0
gold_16k,prosody_fusion+gate200,silero,threshold,0.85,198,0.045454545454545456,0.045454545454545456,0.6616161616161617,256.0,1260.7999999999993,1984.0,2000.0,2000.0,2000.0
gold_16k,prosody_fusion+gate200,silero,threshold,0.9,198,0.025252525252525252,0.025252525252525252,0.797979797979798,256.0,998.399999999996,1984.0,2000.0,2000.0,2000.0
gold_16k,prosody_fusion+gate200,silero,threshold,0.95,198,0.005050505050505051,0.005050505050505051,0.9595959595959596,224.0,256.0,256.0,2000.0,2000.0,2000.0
gold_tel,fixed_timeout+silero,silero_tel,timeout_ms,100,198,0.8181818181818182,0.7828282828282829,0.0,160.0,224.0,265.5999999999999,160.0,224.0,265.5999999999999
gold_tel,fixed_timeout+silero,silero_tel,timeout_ms,200,198,0.6363636363636364,0.601010101010101,0.0,256.0,320.0,810.8800000000092,256.0,320.0,810.8800000000092
gold_tel,fixed_timeout+silero,silero_tel,timeout_ms,300,198,0.4797979797979798,0.42424242424242425,0.005050505050505051,352.0,448.0,479.67999999999984,352.0,448.0,1922.5600000000059
gold_tel,fixed_timeout+silero,silero_tel,timeout_ms,400,198,0.3484848484848485,0.32323232323232326,0.015151515151515152,416.0,536.0,568.0,416.0,544.0,2000.0
gold_tel,fixed_timeout+silero,silero_tel,timeout_ms,500,198,0.25252525252525254,0.24242424242424243,0.020202020202020204,512.0,635.1999999999998,836.159999999998,512.0,640.0,2000.0
gold_tel,fixed_timeout+silero,silero_tel,timeout_ms,600,198,0.23737373737373738,0.21717171717171718,0.020202020202020204,608.0,736.0,1331.8399999999992,608.0,912.0,2000.0
gold_tel,fixed_timeout+silero,silero_tel,timeout_ms,700,198,0.1919191919191919,0.1717171717171717,0.020202020202020204,704.0,832.0,1472.0,704.0,1163.1999999999962,2000.0
gold_tel,fixed_timeout+silero,silero_tel,timeout_ms,800,198,0.17676767676767677,0.1717171717171717,0.025252525252525252,800.0,932.8000000000002,1755.5200000000004,800.0,1568.0,2000.0
gold_tel,fixed_timeout+silero,silero_tel,timeout_ms,900,198,0.12121212121212122,0.12121212121212122,0.03535353535353535,928.0,1056.0,1877.7600000000002,928.0,1878.3999999999996,2000.0
gold_tel,fixed_timeout+silero,silero_tel,timeout_ms,1000,198,0.10606060606060606,0.10101010101010101,0.06060606060606061,1024.0,1152.0,1792.0,1024.0,2000.0,2000.0
gold_tel,fixed_timeout+silero,silero_tel,timeout_ms,1100,198,0.10101010101010101,0.09595959595959595,0.0707070707070707,1120.0,1248.0,1827.5200000000004,1120.0,2000.0,2000.0
gold_tel,fixed_timeout+silero,silero_tel,timeout_ms,1200,198,0.07575757575757576,0.0707070707070707,0.07575757575757576,1216.0,1344.0,1919.6800000000012,1216.0,2000.0,2000.0
gold_tel,fixed_timeout+silero,silero_tel,timeout_ms,1300,198,0.06565656565656566,0.06060606060606061,0.09090909090909091,1312.0,1430.3999999999996,1569.920000000001,1312.0,2000.0,2000.0
gold_tel,fixed_timeout+silero,silero_tel,timeout_ms,1400,198,0.05555555555555555,0.05555555555555555,0.10101010101010101,1408.0,1504.0,1546.88,1408.0,2000.0,2000.0
gold_tel,fixed_timeout+silero,silero_tel,timeout_ms,1500,198,0.045454545454545456,0.04040404040404041,0.1111111111111111,1504.0,1600.0,1642.88,1504.0,2000.0,2000.0
gold_tel,fixed_timeout+silero,silero_tel,timeout_ms,1600,198,0.03535353535353535,0.025252525252525252,0.12121212121212122,1600.0,1696.0,1728.0,1600.0,2000.0,2000.0
gold_tel,fixed_timeout+silero,silero_tel,timeout_ms,1700,198,0.020202020202020204,0.020202020202020204,0.13131313131313133,1728.0,1824.0,1856.0,1728.0,2000.0,2000.0
gold_tel,fixed_timeout+silero,silero_tel,timeout_ms,1800,198,0.015151515151515152,0.015151515151515152,0.13636363636363635,1824.0,1920.0,1952.0,1824.0,2000.0,2000.0
gold_tel,fixed_timeout+silero,silero_tel,timeout_ms,1900,198,0.005050505050505051,0.005050505050505051,0.21212121212121213,1920.0,1984.0,1984.0,1920.0,2000.0,2000.0
gold_tel,fixed_timeout+silero,silero_tel,timeout_ms,2000,198,0.005050505050505051,0.005050505050505051,0.6616161616161617,1824.0,1984.0,1984.0,2000.0,2000.0,2000.0
gold_tel,fixed_timeout+energy,energy_tel,timeout_ms,500.0,198,0.14646464646464646,0.1414141414141414,0.12121212121212122,448.0,1369.5999999999995,1632.0,480.0,2000.0,2000.0
gold_tel,fixed_timeout+energy,energy_tel,timeout_ms,800.0,198,0.06565656565656566,0.06565656565656566,0.31313131313131315,736.0,1792.0,1952.0,1184.0,2000.0,2000.0
gold_tel,fixed_timeout+energy,energy_tel,timeout_ms,1000.0,198,0.015151515151515152,0.015151515151515152,0.4696969696969697,928.0,1790.3999999999996,1887.6799999999998,1792.0,2000.0,2000.0
gold_tel,punctuation,silero_tel,none,0.0,198,0.6262626262626263,0.2474747474747475,0.06565656565656566,64.0,480.0,627.1999999999998,96.0,2000.0,2000.0
gold_tel,punctuation+gate200,silero_tel,none,0.0,198,0.20707070707070707,0.1414141414141414,0.08585858585858586,224.0,388.79999999999836,691.5199999999995,256.0,2000.0,2000.0
gold_tel,text_eot_v1.1,silero_tel,threshold,0.05,198,0.7929292929292929,0.6363636363636364,0.030303030303030304,32.0,265.5999999999999,478.079999999999,64.0,2000.0,2000.0
gold_tel,text_eot_v1.1,silero_tel,threshold,0.1,198,0.7727272727272727,0.5959595959595959,0.050505050505050504,32.0,256.0,467.1999999999989,128.0,2000.0,2000.0
gold_tel,text_eot_v1.1,silero_tel,threshold,0.15,198,0.7323232323232324,0.5252525252525253,0.09595959595959595,32.0,256.0,470.40000000000055,160.0,2000.0,2000.0
gold_tel,text_eot_v1.1,silero_tel,threshold,0.2,198,0.6666666666666666,0.4797979797979798,0.16161616161616163,32.0,256.0,320.32000000000016,304.0,2000.0,2000.0
gold_tel,text_eot_v1.1,silero_tel,threshold,0.25,198,0.5909090909090909,0.40404040404040403,0.2222222222222222,32.0,268.7999999999997,340.48,2000.0,2000.0,2000.0
gold_tel,text_eot_v1.1,silero_tel,threshold,0.3,198,0.5151515151515151,0.32323232323232326,0.29797979797979796,32.0,268.7999999999997,340.48,2000.0,2000.0,2000.0
gold_tel,text_eot_v1.1,silero_tel,threshold,0.35,198,0.4444444444444444,0.2777777777777778,0.37373737373737376,32.0,272.0,569.5999999999995,2000.0,2000.0,2000.0
gold_tel,text_eot_v1.1,silero_tel,threshold,0.4,198,0.37373737373737376,0.23232323232323232,0.45454545454545453,32.0,345.59999999999945,640.6400000000003,2000.0,2000.0,2000.0
gold_tel,text_eot_v1.1,silero_tel,threshold,0.45,198,0.31313131313131315,0.18181818181818182,0.5202020202020202,32.0,236.79999999999995,430.0799999999999,2000.0,2000.0,2000.0
gold_tel,text_eot_v1.1,silero_tel,threshold,0.5,198,0.2727272727272727,0.15656565656565657,0.5808080808080808,32.0,224.0,247.03999999999996,2000.0,2000.0,2000.0
gold_tel,text_eot_v1.1,silero_tel,threshold,0.55,198,0.23232323232323232,0.12121212121212122,0.6313131313131313,32.0,224.0,247.67999999999995,2000.0,2000.0,2000.0
gold_tel,text_eot_v1.1,silero_tel,threshold,0.6,198,0.06565656565656566,0.030303030303030304,0.8535353535353535,22.0,168.0,187.2,2000.0,2000.0,2000.0
gold_tel,text_eot_v1.1,silero_tel,threshold,0.65,198,0.015151515151515152,0.005050505050505051,0.9595959595959596,12.0,134.39999999999998,154.88,2000.0,2000.0,2000.0
gold_tel,text_eot_v1.1,silero_tel,threshold,0.7,198,0.010101010101010102,0.005050505050505051,0.9747474747474747,32.0,147.2,157.44,2000.0,2000.0,2000.0
gold_tel,text_eot_v1.1,silero_tel,threshold,0.75,198,0.010101010101010102,0.005050505050505051,0.9747474747474747,32.0,147.2,157.44,2000.0,2000.0,2000.0
gold_tel,text_eot_v1.1,silero_tel,threshold,0.8,198,0.010101010101010102,0.005050505050505051,0.9747474747474747,32.0,147.2,157.44,2000.0,2000.0,2000.0
gold_tel,text_eot_v1.1,silero_tel,threshold,0.85,198,0.010101010101010102,0.005050505050505051,0.9747474747474747,32.0,147.2,157.44,2000.0,2000.0,2000.0
gold_tel,text_eot_v1.1,silero_tel,threshold,0.9,198,0.005050505050505051,0.0,0.9848484848484849,96.0,153.6,158.72,2000.0,2000.0,2000.0
gold_tel,text_eot_v1.1,silero_tel,threshold,0.95,198,0.0,0.0,1.0,,,,2000.0,2000.0,2000.0
gold_tel,text_eot_v1.1+gate200,silero_tel,threshold,0.05,198,0.40404040404040403,0.3484848484848485,0.0707070707070707,256.0,352.0,570.2399999999998,256.0,2000.0,2000.0
gold_tel,text_eot_v1.1+gate200,silero_tel,threshold,0.1,198,0.3838383838383838,0.3282828282828283,0.13636363636363635,256.0,352.0,652.8000000000029,256.0,2000.0,2000.0
gold_tel,text_eot_v1.1+gate200,silero_tel,threshold,0.15,198,0.32323232323232326,0.26262626262626265,0.21212121212121213,256.0,352.0,401.28000000000065,288.0,2000.0,2000.0
gold_tel,text_eot_v1.1+gate200,silero_tel,threshold,0.2,198,0.2777777777777778,0.2222222222222222,0.29292929292929293,256.0,352.0,435.1999999999989,320.0,2000.0,2000.0
gold_tel,text_eot_v1.1+gate200,silero_tel,threshold,0.25,198,0.2222222222222222,0.1717171717171717,0.3787878787878788,256.0,352.0,454.39999999999964,368.0,2000.0,2000.0
gold_tel,text_eot_v1.1+gate200,silero_tel,threshold,0.3,198,0.19696969696969696,0.14646464646464646,0.41919191919191917,240.0,328.0,464.0,2000.0,2000.0,2000.0
gold_tel,text_eot_v1.1+gate200,silero_tel,threshold,0.35,198,0.18181818181818182,0.13131313131313133,0.47474747474747475,240.0,320.0,489.59999999999945,2000.0,2000.0,2000.0
gold_tel,text_eot_v1.1+gate200,silero_tel,threshold,0.4,198,0.16666666666666666,0.11616161616161616,0.5505050505050505,224.0,360.0,598.4000000000005,2000.0,2000.0,2000.0
gold_tel,text_eot_v1.1+gate200,silero_tel,threshold,0.45,198,0.13131313131313133,0.09090909090909091,0.5959595959595959,224.0,331.1999999999998,444.15999999999985,2000.0,2000.0,2000.0
gold_tel,text_eot_v1.1+gate200,silero_tel,threshold,0.5,198,0.13131313131313133,0.09090909090909091,0.6414141414141414,224.0,320.0,369.9200000000001,2000.0,2000.0,2000.0
gold_tel,text_eot_v1.1+gate200,silero_tel,threshold,0.55,198,0.11616161616161616,0.07575757575757576,0.6767676767676768,224.0,288.0,358.4000000000001,2000.0,2000.0,2000.0
gold_tel,text_eot_v1.1+gate200,silero_tel,threshold,0.6,198,0.030303030303030304,0.020202020202020204,0.8636363636363636,224.0,320.0,371.20000000000005,2000.0,2000.0,2000.0
gold_tel,text_eot_v1.1+gate200,silero_tel,threshold,0.65,198,0.010101010101010102,0.005050505050505051,0.9595959595959596,192.0,248.0,254.4,2000.0,2000.0,2000.0
gold_tel,text_eot_v1.1+gate200,silero_tel,threshold,0.7,198,0.010101010101010102,0.005050505050505051,0.9747474747474747,160.0,246.39999999999998,254.07999999999998,2000.0,2000.0,2000.0
gold_tel,text_eot_v1.1+gate200,silero_tel,threshold,0.75,198,0.010101010101010102,0.005050505050505051,0.9747474747474747,160.0,246.39999999999998,254.07999999999998,2000.0,2000.0,2000.0
gold_tel,text_eot_v1.1+gate200,silero_tel,threshold,0.8,198,0.010101010101010102,0.005050505050505051,0.9747474747474747,160.0,246.39999999999998,254.07999999999998,2000.0,2000.0,2000.0
gold_tel,text_eot_v1.1+gate200,silero_tel,threshold,0.85,198,0.010101010101010102,0.005050505050505051,0.9747474747474747,160.0,246.39999999999998,254.07999999999998,2000.0,2000.0,2000.0
gold_tel,text_eot_v1.1+gate200,silero_tel,threshold,0.9,198,0.005050505050505051,0.0,0.9848484848484849,144.0,158.4,159.68,2000.0,2000.0,2000.0
gold_tel,text_eot_v1.1+gate200,silero_tel,threshold,0.95,198,0.0,0.0,1.0,,,,2000.0,2000.0,2000.0
gold_tel,prosody_prosody+gate200,silero_tel,threshold,0.05,198,0.29292929292929293,0.2777777777777778,0.15656565656565657,256.0,339.1999999999998,381.44000000000005,256.0,2000.0,2000.0
gold_tel,prosody_prosody+gate200,silero_tel,threshold,0.1,198,0.29292929292929293,0.2777777777777778,0.15656565656565657,256.0,339.1999999999998,381.44000000000005,256.0,2000.0,2000.0
gold_tel,prosody_prosody+gate200,silero_tel,threshold,0.15,198,0.29292929292929293,0.2777777777777778,0.15656565656565657,256.0,339.1999999999998,381.44000000000005,256.0,2000.0,2000.0
gold_tel,prosody_prosody+gate200,silero_tel,threshold,0.2,198,0.2878787878787879,0.2727272727272727,0.15656565656565657,256.0,337.5999999999999,381.1199999999999,256.0,2000.0,2000.0
gold_tel,prosody_prosody+gate200,silero_tel,threshold,0.25,198,0.2878787878787879,0.2727272727272727,0.15656565656565657,256.0,337.5999999999999,381.1199999999999,256.0,2000.0,2000.0
gold_tel,prosody_prosody+gate200,silero_tel,threshold,0.3,198,0.2878787878787879,0.2727272727272727,0.15656565656565657,256.0,337.5999999999999,381.1199999999999,256.0,2000.0,2000.0
gold_tel,prosody_prosody+gate200,silero_tel,threshold,0.35,198,0.2878787878787879,0.2727272727272727,0.15656565656565657,256.0,337.5999999999999,381.1199999999999,256.0,2000.0,2000.0
gold_tel,prosody_prosody+gate200,silero_tel,threshold,0.4,198,0.2878787878787879,0.2727272727272727,0.15656565656565657,256.0,337.5999999999999,381.1199999999999,256.0,2000.0,2000.0
gold_tel,prosody_prosody+gate200,silero_tel,threshold,0.45,198,0.2828282828282828,0.2676767676767677,0.16161616161616163,256.0,352.0,381.1199999999999,256.0,2000.0,2000.0
gold_tel,prosody_prosody+gate200,silero_tel,threshold,0.5,198,0.2727272727272727,0.25757575757575757,0.19696969696969696,256.0,352.0,967.6799999999962,288.0,2000.0,2000.0
gold_tel,prosody_prosody+gate200,silero_tel,threshold,0.55,198,0.26262626262626265,0.2474747474747475,0.20707070707070707,256.0,352.0,992.0,288.0,2000.0,2000.0
gold_tel,prosody_prosody+gate200,silero_tel,threshold,0.6,198,0.21717171717171718,0.20202020202020202,0.26262626262626265,256.0,352.0,992.0,288.0,2000.0,2000.0
gold_tel,prosody_prosody+gate200,silero_tel,threshold,0.65,198,0.17676767676767677,0.16161616161616163,0.41414141414141414,256.0,352.0,1382.400000000002,2000.0,2000.0,2000.0
gold_tel,prosody_prosody+gate200,silero_tel,threshold,0.7,198,0.13131313131313133,0.11616161616161616,0.5606060606060606,256.0,1248.0,1708.7999999999995,2000.0,2000.0,2000.0
gold_tel,prosody_prosody+gate200,silero_tel,threshold,0.75,198,0.08585858585858586,0.07575757575757576,0.7424242424242424,256.0,1315.1999999999996,1761.6000000000008,2000.0,2000.0,2000.0
gold_tel,prosody_prosody+gate200,silero_tel,threshold,0.8,198,0.025252525252525252,0.020202020202020204,0.9343434343434344,256.0,1372.8,1426.56,2000.0,2000.0,2000.0
gold_tel,prosody_prosody+gate200,silero_tel,threshold,0.85,198,0.0,0.0,1.0,,,,2000.0,2000.0,2000.0
gold_tel,prosody_prosody+gate200,silero_tel,threshold,0.9,198,0.0,0.0,1.0,,,,2000.0,2000.0,2000.0
gold_tel,prosody_prosody+gate200,silero_tel,threshold,0.95,198,0.0,0.0,1.0,,,,2000.0,2000.0,2000.0
gold_tel,prosody_fusion+gate200,silero_tel,threshold,0.05,198,0.29292929292929293,0.2727272727272727,0.15656565656565657,256.0,339.1999999999998,381.44000000000005,256.0,2000.0,2000.0
gold_tel,prosody_fusion+gate200,silero_tel,threshold,0.1,198,0.29292929292929293,0.2727272727272727,0.15656565656565657,256.0,339.1999999999998,381.44000000000005,256.0,2000.0,2000.0
gold_tel,prosody_fusion+gate200,silero_tel,threshold,0.15,198,0.29292929292929293,0.2727272727272727,0.15656565656565657,256.0,339.1999999999998,381.44000000000005,256.0,2000.0,2000.0
gold_tel,prosody_fusion+gate200,silero_tel,threshold,0.2,198,0.29292929292929293,0.2727272727272727,0.15656565656565657,256.0,339.1999999999998,381.44000000000005,256.0,2000.0,2000.0
gold_tel,prosody_fusion+gate200,silero_tel,threshold,0.25,198,0.29292929292929293,0.2727272727272727,0.15656565656565657,256.0,339.1999999999998,381.44000000000005,256.0,2000.0,2000.0
gold_tel,prosody_fusion+gate200,silero_tel,threshold,0.3,198,0.29292929292929293,0.2727272727272727,0.16161616161616163,256.0,340.7999999999997,381.75999999999976,256.0,2000.0,2000.0
gold_tel,prosody_fusion+gate200,silero_tel,threshold,0.35,198,0.29292929292929293,0.2727272727272727,0.1717171717171717,256.0,344.0,382.4000000000001,256.0,2000.0,2000.0
gold_tel,prosody_fusion+gate200,silero_tel,threshold,0.4,198,0.2828282828282828,0.26262626262626265,0.18181818181818182,256.0,344.0,382.4000000000001,256.0,2000.0,2000.0
gold_tel,prosody_fusion+gate200,silero_tel,threshold,0.45,198,0.2777777777777778,0.25757575757575757,0.1919191919191919,256.0,345.5999999999999,382.7199999999998,256.0,2000.0,2000.0
gold_tel,prosody_fusion+gate200,silero_tel,threshold,0.5,198,0.26262626262626265,0.24242424242424243,0.21212121212121213,256.0,352.0,383.03999999999996,288.0,2000.0,2000.0
gold_tel,prosody_fusion+gate200,silero_tel,threshold,0.55,198,0.24242424242424243,0.2222222222222222,0.25252525252525254,256.0,352.0,1159.0400000000036,288.0,2000.0,2000.0
gold_tel,prosody_fusion+gate200,silero_tel,threshold,0.6,198,0.23232323232323232,0.21212121212121213,0.2828282828282828,256.0,352.0,1035.1999999999975,288.0,2000.0,2000.0
gold_tel,prosody_fusion+gate200,silero_tel,threshold,0.65,198,0.1919191919191919,0.1717171717171717,0.3282828282828283,256.0,352.0,901.7600000000002,320.0,2000.0,2000.0
gold_tel,prosody_fusion+gate200,silero_tel,threshold,0.7,198,0.15151515151515152,0.13131313131313133,0.41414141414141414,256.0,352.0,475.20000000000346,368.0,2000.0,2000.0
gold_tel,prosody_fusion+gate200,silero_tel,threshold,0.75,198,0.12626262626262627,0.1111111111111111,0.4898989898989899,256.0,464.0,1320.0,2000.0,2000.0,2000.0
gold_tel,prosody_fusion+gate200,silero_tel,threshold,0.8,198,0.09595959595959595,0.08585858585858586,0.5959595959595959,256.0,1248.0,1491.1999999999998,2000.0,2000.0,2000.0
gold_tel,prosody_fusion+gate200,silero_tel,threshold,0.85,198,0.0707070707070707,0.06060606060606061,0.7171717171717171,256.0,1430.3999999999992,1775.6799999999987,2000.0,2000.0,2000.0
gold_tel,prosody_fusion+gate200,silero_tel,threshold,0.9,198,0.04040404040404041,0.03535353535353535,0.8484848484848485,224.0,1561.6,1846.0799999999997,2000.0,2000.0,2000.0
gold_tel,prosody_fusion+gate200,silero_tel,threshold,0.95,198,0.015151515151515152,0.010101010101010102,0.9646464646464646,208.0,256.0,256.0,2000.0,2000.0,2000.0
asr_16k,fixed_timeout+silero,silero_caller,timeout_ms,100,198,0.4292929292929293,0.4090909090909091,0.0,128.0,160.0,276.47999999999956,128.0,160.0,276.47999999999956
asr_16k,fixed_timeout+silero,silero_caller,timeout_ms,200,198,0.30808080808080807,0.29797979797979796,0.0,224.0,256.0,404.47999999999956,224.0,256.0,404.47999999999956
asr_16k,fixed_timeout+silero,silero_caller,timeout_ms,300,198,0.25252525252525254,0.2474747474747475,0.0,320.0,372.8000000000002,496.96000000000004,320.0,372.8000000000002,496.96000000000004
asr_16k,fixed_timeout+silero,silero_caller,timeout_ms,400,198,0.21212121212121213,0.20707070707070707,0.0,416.0,480.0,590.3999999999996,416.0,480.0,590.3999999999996
asr_16k,fixed_timeout+silero,silero_caller,timeout_ms,500,198,0.17676767676767677,0.1717171717171717,0.0,512.0,572.8000000000002,684.1599999999999,512.0,572.8000000000002,684.1599999999999
asr_16k,fixed_timeout+silero,silero_caller,timeout_ms,600,198,0.13131313131313133,0.12626262626262627,0.0,608.0,672.0,777.2799999999997,608.0,672.0,777.2799999999997
asr_16k,fixed_timeout+silero,silero_caller,timeout_ms,700,198,0.1111111111111111,0.1111111111111111,0.0,704.0,768.0,872.0,704.0,768.0,872.0
asr_16k,fixed_timeout+silero,silero_caller,timeout_ms,800,198,0.10606060606060606,0.10606060606060606,0.0,800.0,864.0,967.6800000000003,800.0,864.0,967.6800000000003
asr_16k,fixed_timeout+silero,silero_caller,timeout_ms,900,198,0.0707070707070707,0.0707070707070707,0.0,928.0,987.1999999999998,1093.4399999999996,928.0,987.1999999999998,1093.4399999999996
asr_16k,fixed_timeout+silero,silero_caller,timeout_ms,1000,198,0.04040404040404041,0.04040404040404041,0.0,1024.0,1088.0,1187.5199999999995,1024.0,1088.0,1187.5199999999995
asr_16k,fixed_timeout+silero,silero_caller,timeout_ms,1100,198,0.03535353535353535,0.03535353535353535,0.0,1120.0,1184.0,1283.1999999999998,1120.0,1184.0,1283.1999999999998
asr_16k,fixed_timeout+silero,silero_caller,timeout_ms,1200,198,0.03535353535353535,0.03535353535353535,0.0,1216.0,1280.0,1379.1999999999998,1216.0,1280.0,1379.1999999999998
asr_16k,fixed_timeout+silero,silero_caller,timeout_ms,1300,198,0.025252525252525252,0.025252525252525252,0.0,1312.0,1376.0,1474.5599999999995,1312.0,1376.0,1474.5599999999995
asr_16k,fixed_timeout+silero,silero_caller,timeout_ms,1400,198,0.025252525252525252,0.025252525252525252,0.0,1408.0,1472.0,1570.5599999999995,1408.0,1472.0,1570.5599999999995
asr_16k,fixed_timeout+silero,silero_caller,timeout_ms,1500,198,0.010101010101010102,0.010101010101010102,0.0,1504.0,1568.0,1665.6000000000004,1504.0,1568.0,1665.6000000000004
asr_16k,fixed_timeout+silero,silero_caller,timeout_ms,1600,198,0.010101010101010102,0.010101010101010102,0.0,1600.0,1664.0,1761.6000000000004,1600.0,1664.0,1761.6000000000004
asr_16k,fixed_timeout+silero,silero_caller,timeout_ms,1700,198,0.010101010101010102,0.010101010101010102,0.0,1728.0,1792.0,1889.6000000000004,1728.0,1792.0,1889.6000000000004
asr_16k,fixed_timeout+silero,silero_caller,timeout_ms,1800,198,0.0,0.0,0.010101010101010102,1824.0,1864.0,1984.0,1824.0,1888.0,1984.48
asr_16k,fixed_timeout+silero,silero_caller,timeout_ms,1900,198,0.0,0.0,0.04040404040404041,1920.0,1952.0,1984.0,1920.0,1984.0,2000.0
asr_16k,fixed_timeout+silero,silero_caller,timeout_ms,2000,198,0.0,0.0,0.9747474747474747,1758.0,1884.0,1887.2,2000.0,2000.0,2000.0
asr_16k,fixed_timeout+energy,energy_caller,timeout_ms,500.0,198,0.14646464646464646,0.1414141414141414,0.0,448.0,672.0,672.0,448.0,672.0,672.0
asr_16k,fixed_timeout+energy,energy_caller,timeout_ms,800.0,198,0.05555555555555555,0.050505050505050504,0.0,736.0,960.0,960.0,736.0,960.0,960.0
asr_16k,fixed_timeout+energy,energy_caller,timeout_ms,1000.0,198,0.010101010101010102,0.010101010101010102,0.0,960.0,1184.0,1184.0,960.0,1184.0,1184.0
asr_16k,punctuation,silero_caller,none,0.0,198,0.5858585858585859,0.5404040404040404,0.015151515151515152,288.0,966.3999999999978,1585.2799999999997,288.0,1529.6000000000004,2000.0
asr_16k,punctuation+gate200,silero_caller,none,0.0,198,0.19696969696969696,0.19696969696969696,0.06060606060606061,256.0,928.0,1477.119999999999,256.0,2000.0,2000.0
asr_16k,text_eot_v1.1,silero_caller,threshold,0.05,198,0.5808080808080808,0.5404040404040404,0.015151515151515152,256.0,833.5999999999999,1075.8399999999956,288.0,921.5999999999995,2000.0
asr_16k,text_eot_v1.1,silero_caller,threshold,0.1,198,0.5707070707070707,0.5303030303030303,0.025252525252525252,256.0,833.5999999999999,1075.8399999999956,288.0,1926.399999999999,2000.0
asr_16k,text_eot_v1.1,silero_caller,threshold,0.15,198,0.5454545454545454,0.51010101010101,0.045454545454545456,256.0,864.0,1657.6000000000004,288.0,2000.0,2000.0
asr_16k,text_eot_v1.1,silero_caller,threshold,0.2,198,0.5202020202020202,0.48484848484848486,0.06060606060606061,288.0,1014.3999999999992,1655.039999999999,318.0,2000.0,2000.0
asr_16k,text_eot_v1.1,silero_caller,threshold,0.25,198,0.4797979797979798,0.4444444444444444,0.10606060606060606,288.0,926.4000000000001,1423.039999999999,384.0,2000.0,2000.0
asr_16k,text_eot_v1.1,silero_caller,threshold,0.3,198,0.47474747474747475,0.4393939393939394,0.12121212121212122,288.0,1027.1999999999998,1431.3599999999974,400.0,2000.0,2000.0
asr_16k,text_eot_v1.1,silero_caller,threshold,0.35,198,0.4494949494949495,0.41414141414141414,0.1717171717171717,256.0,1116.7999999999997,1712.6400000000003,544.0,2000.0,2000.0
asr_16k,text_eot_v1.1,silero_caller,threshold,0.4,198,0.42424242424242425,0.3888888888888889,0.20707070707070707,288.0,1126.3999999999992,1460.4800000000005,611.0,2000.0,2000.0
asr_16k,text_eot_v1.1,silero_caller,threshold,0.45,198,0.41919191919191917,0.3838383838383838,0.2727272727272727,256.0,864.0,1126.3999999999999,864.0,2000.0,2000.0
asr_16k,text_eot_v1.1,silero_caller,threshold,0.5,198,0.3838383838383838,0.3434343434343434,0.3383838383838384,256.0,883.1999999999998,1478.4000000000005,2000.0,2000.0,2000.0
asr_16k,text_eot_v1.1,silero_caller,threshold,0.55,198,0.35858585858585856,0.32323232323232326,0.3787878787878788,224.0,796.7999999999997,1053.4400000000005,2000.0,2000.0,2000.0
asr_16k,text_eot_v1.1,silero_caller,threshold,0.6,198,0.13131313131313133,0.12121212121212122,0.7323232323232324,576.0,1283.1999999999998,1570.9999999999995,2000.0,2000.0,2000.0
asr_16k,text_eot_v1.1,silero_caller,threshold,0.65,198,0.015151515151515152,0.015151515151515152,0.9595959595959596,288.0,1152.0,1203.2,2000.0,2000.0,2000.0
asr_16k,text_eot_v1.1,silero_caller,threshold,0.7,198,0.015151515151515152,0.015151515151515152,0.9696969696969697,192.0,278.4,286.08,2000.0,2000.0,2000.0
asr_16k,text_eot_v1.1,silero_caller,threshold,0.75,198,0.015151515151515152,0.015151515151515152,0.9696969696969697,192.0,278.4,286.08,2000.0,2000.0,2000.0
asr_16k,text_eot_v1.1,silero_caller,threshold,0.8,198,0.015151515151515152,0.015151515151515152,0.9696969696969697,192.0,278.4,286.08,2000.0,2000.0,2000.0
asr_16k,text_eot_v1.1,silero_caller,threshold,0.85,198,0.015151515151515152,0.015151515151515152,0.9696969696969697,192.0,278.4,286.08,2000.0,2000.0,2000.0
asr_16k,text_eot_v1.1,silero_caller,threshold,0.9,198,0.015151515151515152,0.015151515151515152,0.9696969696969697,192.0,278.4,286.08,2000.0,2000.0,2000.0
asr_16k,text_eot_v1.1,silero_caller,threshold,0.95,198,0.0,0.0,1.0,,,,2000.0,2000.0,2000.0
asr_16k,text_eot_v1.1+gate200,silero_caller,threshold,0.05,198,0.2222222222222222,0.2222222222222222,0.050505050505050504,256.0,891.1999999999998,1238.7199999999993,256.0,2000.0,2000.0
asr_16k,text_eot_v1.1+gate200,silero_caller,threshold,0.1,198,0.20202020202020202,0.20202020202020202,0.07575757575757576,256.0,924.8000000000002,1317.1200000000008,256.0,2000.0,2000.0
asr_16k,text_eot_v1.1+gate200,silero_caller,threshold,0.15,198,0.1919191919191919,0.1919191919191919,0.12626262626262627,256.0,947.1999999999998,1512.3199999999988,256.0,2000.0,2000.0
asr_16k,text_eot_v1.1+gate200,silero_caller,threshold,0.2,198,0.17676767676767677,0.17676767676767677,0.16161616161616163,256.0,1056.0,1622.3999999999996,288.0,2000.0,2000.0
asr_16k,text_eot_v1.1+gate200,silero_caller,threshold,0.25,198,0.1414141414141414,0.1414141414141414,0.24242424242424243,256.0,1084.7999999999993,1546.239999999998,416.0,2000.0,2000.0
asr_16k,text_eot_v1.1+gate200,silero_caller,threshold,0.3,198,0.10606060606060606,0.10606060606060606,0.30808080808080807,256.0,1112.0,1561.5999999999985,576.0,2000.0,2000.0
asr_16k,text_eot_v1.1+gate200,silero_caller,threshold,0.35,198,0.10101010101010101,0.10101010101010101,0.35353535353535354,256.0,1246.3999999999992,1691.5199999999995,736.0,2000.0,2000.0
asr_16k,text_eot_v1.1+gate200,silero_caller,threshold,0.4,198,0.09090909090909091,0.09090909090909091,0.41919191919191917,256.0,1203.199999999999,1606.3999999999987,1136.0,2000.0,2000.0
asr_16k,text_eot_v1.1+gate200,silero_caller,threshold,0.45,198,0.09090909090909091,0.09090909090909091,0.4898989898989899,256.0,921.5999999999995,1337.5999999999976,2000.0,2000.0,2000.0
asr_16k,text_eot_v1.1+gate200,silero_caller,threshold,0.5,198,0.08585858585858586,0.08585858585858586,0.5454545454545454,256.0,844.7999999999997,1363.2000000000007,2000.0,2000.0,2000.0
asr_16k,text_eot_v1.1+gate200,silero_caller,threshold,0.55,198,0.07575757575757576,0.07575757575757576,0.5858585858585859,256.0,812.7999999999997,1227.5200000000004,2000.0,2000.0,2000.0
asr_16k,text_eot_v1.1+gate200,silero_caller,threshold,0.6,198,0.025252525252525252,0.025252525252525252,0.8181818181818182,384.0,1264.0,1556.9999999999998,2000.0,2000.0,2000.0
asr_16k,text_eot_v1.1+gate200,silero_caller,threshold,0.65,198,0.010101010101010102,0.010101010101010102,0.9646464646464646,288.0,1152.0,1203.2,2000.0,2000.0,2000.0
asr_16k,text_eot_v1.1+gate200,silero_caller,threshold,0.7,198,0.010101010101010102,0.010101010101010102,0.9747474747474747,256.0,284.8,287.36,2000.0,2000.0,2000.0
asr_16k,text_eot_v1.1+gate200,silero_caller,threshold,0.75,198,0.010101010101010102,0.010101010101010102,0.9747474747474747,256.0,284.8,287.36,2000.0,2000.0,2000.0
asr_16k,text_eot_v1.1+gate200,silero_caller,threshold,0.8,198,0.010101010101010102,0.010101010101010102,0.9747474747474747,256.0,284.8,287.36,2000.0,2000.0,2000.0
asr_16k,text_eot_v1.1+gate200,silero_caller,threshold,0.85,198,0.010101010101010102,0.010101010101010102,0.9747474747474747,256.0,284.8,287.36,2000.0,2000.0,2000.0
asr_16k,text_eot_v1.1+gate200,silero_caller,threshold,0.9,198,0.010101010101010102,0.010101010101010102,0.9747474747474747,256.0,284.8,287.36,2000.0,2000.0,2000.0
asr_16k,text_eot_v1.1+gate200,silero_caller,threshold,0.95,198,0.0,0.0,1.0,,,,2000.0,2000.0,2000.0
asr_16k,prosody_prosody+gate200,silero_caller,threshold,0.05,198,0.2676767676767677,0.26262626262626265,0.025252525252525252,224.0,256.0,403.5199999999995,256.0,384.0,2000.0
asr_16k,prosody_prosody+gate200,silero_caller,threshold,0.1,198,0.2676767676767677,0.26262626262626265,0.025252525252525252,224.0,256.0,403.5199999999995,256.0,384.0,2000.0
asr_16k,prosody_prosody+gate200,silero_caller,threshold,0.15,198,0.2676767676767677,0.26262626262626265,0.025252525252525252,224.0,256.0,403.5199999999995,256.0,384.0,2000.0
asr_16k,prosody_prosody+gate200,silero_caller,threshold,0.2,198,0.2676767676767677,0.26262626262626265,0.025252525252525252,224.0,256.0,403.5199999999995,256.0,384.0,2000.0
asr_16k,prosody_prosody+gate200,silero_caller,threshold,0.25,198,0.2676767676767677,0.26262626262626265,0.025252525252525252,224.0,256.0,403.5199999999995,256.0,384.0,2000.0
asr_16k,prosody_prosody+gate200,silero_caller,threshold,0.3,198,0.2676767676767677,0.26262626262626265,0.025252525252525252,224.0,256.0,403.5199999999995,256.0,384.0,2000.0
asr_16k,prosody_prosody+gate200,silero_caller,threshold,0.35,198,0.2676767676767677,0.26262626262626265,0.025252525252525252,224.0,256.0,403.5199999999995,256.0,384.0,2000.0
asr_16k,prosody_prosody+gate200,silero_caller,threshold,0.4,198,0.26262626262626265,0.25757575757575757,0.025252525252525252,224.0,256.0,403.1999999999998,256.0,384.0,2000.0
asr_16k,prosody_prosody+gate200,silero_caller,threshold,0.45,198,0.25252525252525254,0.2474747474747475,0.050505050505050504,224.0,256.0,404.15999999999985,256.0,2000.0,2000.0
asr_16k,prosody_prosody+gate200,silero_caller,threshold,0.5,198,0.25252525252525254,0.2474747474747475,0.10606060606060606,256.0,256.0,407.67999999999984,256.0,2000.0,2000.0
asr_16k,prosody_prosody+gate200,silero_caller,threshold,0.55,198,0.21212121212121213,0.20707070707070707,0.16666666666666666,256.0,256.0,408.96000000000004,256.0,2000.0,2000.0
asr_16k,prosody_prosody+gate200,silero_caller,threshold,0.6,198,0.16161616161616163,0.15656565656565657,0.29797979797979796,224.0,288.0,414.0799999999999,256.0,2000.0,2000.0
asr_16k,prosody_prosody+gate200,silero_caller,threshold,0.65,198,0.10606060606060606,0.10101010101010101,0.51010101010101,256.0,328.0,392.0,2000.0,2000.0,2000.0
asr_16k,prosody_prosody+gate200,silero_caller,threshold,0.7,198,0.0707070707070707,0.06565656565656566,0.6666666666666666,256.0,256.0,367.68000000000006,2000.0,2000.0,2000.0
asr_16k,prosody_prosody+gate200,silero_caller,threshold,0.75,198,0.04040404040404041,0.04040404040404041,0.8434343434343434,256.0,256.0,256.0,2000.0,2000.0,2000.0
asr_16k,prosody_prosody+gate200,silero_caller,threshold,0.8,198,0.010101010101010102,0.010101010101010102,0.9797979797979798,224.0,224.0,224.0,2000.0,2000.0,2000.0
asr_16k,prosody_prosody+gate200,silero_caller,threshold,0.85,198,0.0,0.0,1.0,,,,2000.0,2000.0,2000.0
asr_16k,prosody_prosody+gate200,silero_caller,threshold,0.9,198,0.0,0.0,1.0,,,,2000.0,2000.0,2000.0
asr_16k,prosody_prosody+gate200,silero_caller,threshold,0.95,198,0.0,0.0,1.0,,,,2000.0,2000.0,2000.0
asr_16k,prosody_fusion+gate200,silero_caller,threshold,0.05,198,0.2474747474747475,0.2474747474747475,0.03535353535353535,256.0,800.0,1240.6400000000003,256.0,1491.199999999998,2000.0
asr_16k,prosody_fusion+gate200,silero_caller,threshold,0.1,198,0.24242424242424243,0.24242424242424243,0.03535353535353535,256.0,828.8000000000002,1239.6800000000012,256.0,1473.599999999994,2000.0
asr_16k,prosody_fusion+gate200,silero_caller,threshold,0.15,198,0.24242424242424243,0.24242424242424243,0.03535353535353535,256.0,828.8000000000002,1239.6800000000012,256.0,1473.599999999994,2000.0
asr_16k,prosody_fusion+gate200,silero_caller,threshold,0.2,198,0.24242424242424243,0.24242424242424243,0.03535353535353535,256.0,828.8000000000002,1239.6800000000012,256.0,1473.599999999994,2000.0
asr_16k,prosody_fusion+gate200,silero_caller,threshold,0.25,198,0.24242424242424243,0.24242424242424243,0.03535353535353535,256.0,828.8000000000002,1239.6800000000012,256.0,1473.599999999994,2000.0
asr_16k,prosody_fusion+gate200,silero_caller,threshold,0.3,198,0.24242424242424243,0.24242424242424243,0.04040404040404041,256.0,830.3999999999996,1240.6400000000003,256.0,1834.3999999999937,2000.0
asr_16k,prosody_fusion+gate200,silero_caller,threshold,0.35,198,0.23737373737373738,0.23737373737373738,0.04040404040404041,256.0,828.8000000000002,1239.6800000000012,256.0,1816.0,2000.0
asr_16k,prosody_fusion+gate200,silero_caller,threshold,0.4,198,0.22727272727272727,0.22727272727272727,0.045454545454545456,256.0,891.1999999999998,1238.7199999999993,256.0,2000.0,2000.0
asr_16k,prosody_fusion+gate200,silero_caller,threshold,0.45,198,0.21717171717171718,0.21717171717171718,0.05555555555555555,256.0,891.1999999999998,1238.7199999999993,256.0,2000.0,2000.0
asr_16k,prosody_fusion+gate200,silero_caller,threshold,0.5,198,0.21212121212121213,0.21212121212121213,0.09090909090909091,256.0,900.8000000000002,1244.4799999999996,256.0,2000.0,2000.0
asr_16k,prosody_fusion+gate200,silero_caller,threshold,0.55,198,0.1919191919191919,0.1919191919191919,0.1111111111111111,256.0,900.8000000000002,1244.4799999999996,256.0,2000.0,2000.0
asr_16k,prosody_fusion+gate200,silero_caller,threshold,0.6,198,0.18181818181818182,0.18181818181818182,0.15656565656565657,256.0,896.0,1251.199999999999,288.0,2000.0,2000.0
asr_16k,prosody_fusion+gate200,silero_caller,threshold,0.65,198,0.16666666666666666,0.16666666666666666,0.20202020202020202,256.0,921.5999999999999,1305.6000000000008,384.0,2000.0,2000.0
asr_16k,prosody_fusion+gate200,silero_caller,threshold,0.7,198,0.14646464646464646,0.14646464646464646,0.26262626262626265,256.0,902.3999999999996,1184.0,384.0,2000.0,2000.0
asr_16k,prosody_fusion+gate200,silero_caller,threshold,0.75,198,0.12121212121212122,0.12121212121212122,0.3333333333333333,256.0,905.5999999999995,1607.3599999999974,528.0,2000.0,2000.0
asr_16k,prosody_fusion+gate200,silero_caller,threshold,0.8,198,0.09090909090909091,0.09090909090909091,0.4797979797979798,256.0,1331.1999999999998,1770.2399999999998,2000.0,2000.0,2000.0
asr_16k,prosody_fusion+gate200,silero_caller,threshold,0.85,198,0.06565656565656566,0.06565656565656566,0.6262626262626263,256.0,928.0,1683.1999999999998,2000.0,2000.0,2000.0
asr_16k,prosody_fusion+gate200,silero_caller,threshold,0.9,198,0.04040404040404041,0.04040404040404041,0.7676767676767676,256.0,900.8,1089.2800000000007,2000.0,2000.0,2000.0
asr_16k,prosody_fusion+gate200,silero_caller,threshold,0.95,198,0.010101010101010102,0.010101010101010102,0.9595959595959596,320.0,824.0,907.2,2000.0,2000.0,2000.0
asr_tel,fixed_timeout+silero,silero_tel_caller,timeout_ms,100,198,0.8181818181818182,0.7828282828282829,0.0,160.0,224.0,307.1999999999998,160.0,224.0,307.1999999999998
asr_tel,fixed_timeout+silero,silero_tel_caller,timeout_ms,200,198,0.6363636363636364,0.601010101010101,0.0,256.0,320.0,448.0,256.0,320.0,448.0
asr_tel,fixed_timeout+silero,silero_tel_caller,timeout_ms,300,198,0.4797979797979798,0.42424242424242425,0.0,352.0,448.0,542.7200000000003,352.0,448.0,542.7200000000003
asr_tel,fixed_timeout+silero,silero_tel_caller,timeout_ms,400,198,0.3484848484848485,0.32323232323232326,0.0,416.0,544.0,640.0,416.0,544.0,640.0
asr_tel,fixed_timeout+silero,silero_tel_caller,timeout_ms,500,198,0.25252525252525254,0.24242424242424243,0.0,512.0,640.0,736.0,512.0,640.0,736.0
asr_tel,fixed_timeout+silero,silero_tel_caller,timeout_ms,600,198,0.23737373737373738,0.21717171717171718,0.0,608.0,736.0,832.0,608.0,736.0,832.0
asr_tel,fixed_timeout+silero,silero_tel_caller,timeout_ms,700,198,0.1919191919191919,0.1717171717171717,0.0,704.0,832.0,928.0,704.0,832.0,928.0
asr_tel,fixed_timeout+silero,silero_tel_caller,timeout_ms,800,198,0.17676767676767677,0.1717171717171717,0.0,800.0,928.0,1024.0,800.0,928.0,1024.0
asr_tel,fixed_timeout+silero,silero_tel_caller,timeout_ms,900,198,0.12121212121212122,0.12121212121212122,0.0,928.0,1056.0,1152.0,928.0,1056.0,1152.0
asr_tel,fixed_timeout+silero,silero_tel_caller,timeout_ms,1000,198,0.10606060606060606,0.10101010101010101,0.0,1024.0,1152.0,1248.0,1024.0,1152.0,1248.0
asr_tel,fixed_timeout+silero,silero_tel_caller,timeout_ms,1100,198,0.10101010101010101,0.09595959595959595,0.0,1120.0,1248.0,1344.0,1120.0,1248.0,1344.0
asr_tel,fixed_timeout+silero,silero_tel_caller,timeout_ms,1200,198,0.07575757575757576,0.0707070707070707,0.0,1216.0,1344.0,1440.0,1216.0,1344.0,1440.0
asr_tel,fixed_timeout+silero,silero_tel_caller,timeout_ms,1300,198,0.06565656565656566,0.06060606060606061,0.0,1312.0,1440.0,1536.0,1312.0,1440.0,1536.0
asr_tel,fixed_timeout+silero,silero_tel_caller,timeout_ms,1400,198,0.05555555555555555,0.05555555555555555,0.0,1408.0,1536.0,1632.0,1408.0,1536.0,1632.0
asr_tel,fixed_timeout+silero,silero_tel_caller,timeout_ms,1500,198,0.045454545454545456,0.04040404040404041,0.0,1504.0,1632.0,1728.0,1504.0,1632.0,1728.0
asr_tel,fixed_timeout+silero,silero_tel_caller,timeout_ms,1600,198,0.03535353535353535,0.025252525252525252,0.0,1600.0,1728.0,1824.0,1600.0,1728.0,1824.0
asr_tel,fixed_timeout+silero,silero_tel_caller,timeout_ms,1700,198,0.020202020202020204,0.020202020202020204,0.005050505050505051,1728.0,1856.0,1952.0,1728.0,1856.0,1952.0
asr_tel,fixed_timeout+silero,silero_tel_caller,timeout_ms,1800,198,0.015151515151515152,0.015151515151515152,0.020202020202020204,1824.0,1920.0,1955.1999999999998,1824.0,1952.0,2000.0
asr_tel,fixed_timeout+silero,silero_tel_caller,timeout_ms,1900,198,0.005050505050505051,0.005050505050505051,0.1111111111111111,1920.0,1984.0,1984.0,1920.0,2000.0,2000.0
asr_tel,fixed_timeout+silero,silero_tel_caller,timeout_ms,2000,198,0.005050505050505051,0.005050505050505051,0.6464646464646465,1824.0,1984.0,1984.0,2000.0,2000.0,2000.0
asr_tel,fixed_timeout+energy,energy_tel_caller,timeout_ms,500.0,198,0.14646464646464646,0.1414141414141414,0.0,448.0,672.0,672.0,448.0,672.0,672.0
asr_tel,fixed_timeout+energy,energy_tel_caller,timeout_ms,800.0,198,0.06565656565656566,0.06565656565656566,0.0,736.0,960.0,960.0,736.0,960.0,960.0
asr_tel,fixed_timeout+energy,energy_tel_caller,timeout_ms,1000.0,198,0.015151515151515152,0.015151515151515152,0.0,960.0,1184.0,1184.0,960.0,1184.0,1184.0
asr_tel,punctuation,silero_tel_caller,none,0.0,198,0.51010101010101,0.4696969696969697,0.045454545454545456,352.0,1319.9999999999986,1725.119999999999,416.0,2000.0,2000.0
asr_tel,punctuation+gate200,silero_tel_caller,none,0.0,198,0.20707070707070707,0.20202020202020202,0.08585858585858586,320.0,1094.3999999999978,1658.5599999999986,384.0,2000.0,2000.0
asr_tel,text_eot_v1.1,silero_tel_caller,threshold,0.05,198,0.5404040404040404,0.51010101010101,0.030303030303030304,416.0,1356.7999999999997,1742.079999999999,448.0,2000.0,2000.0
asr_tel,text_eot_v1.1,silero_tel_caller,threshold,0.1,198,0.5252525252525253,0.494949494949495,0.03535353535353535,416.0,1347.2000000000003,1736.3200000000002,448.0,2000.0,2000.0
asr_tel,text_eot_v1.1,silero_tel_caller,threshold,0.15,198,0.48484848484848486,0.4595959595959596,0.09090909090909091,400.0,1361.5999999999995,1744.9600000000005,512.0,2000.0,2000.0
asr_tel,text_eot_v1.1,silero_tel_caller,threshold,0.2,198,0.45454545454545453,0.4292929292929293,0.1111111111111111,400.0,1264.0,1739.2000000000016,528.0,2000.0,2000.0
asr_tel,text_eot_v1.1,silero_tel_caller,threshold,0.25,198,0.3939393939393939,0.3686868686868687,0.18181818181818182,416.0,1270.3999999999996,1744.9600000000005,688.0,2000.0,2000.0
asr_tel,text_eot_v1.1,silero_tel_caller,threshold,0.3,198,0.3838383838383838,0.35858585858585856,0.2222222222222222,432.0,1239.9999999999986,1959.3600000000001,848.0,2000.0,2000.0
asr_tel,text_eot_v1.1,silero_tel_caller,threshold,0.35,198,0.3383838383838384,0.31313131313131315,0.2727272727272727,512.0,1548.8000000000002,1959.6799999999998,1100.0,2000.0,2000.0
asr_tel,text_eot_v1.1,silero_tel_caller,threshold,0.4,198,0.31313131313131315,0.2878787878787879,0.3484848484848485,512.0,1487.9999999999993,1730.5600000000013,2000.0,2000.0,2000.0
asr_tel,text_eot_v1.1,silero_tel_caller,threshold,0.45,198,0.29797979797979796,0.2727272727272727,0.41919191919191917,288.0,1256.0,1600.0,2000.0,2000.0,2000.0
asr_tel,text_eot_v1.1,silero_tel_caller,threshold,0.5,198,0.2727272727272727,0.2474747474747475,0.45454545454545453,288.0,1271.999999999999,1600.0,2000.0,2000.0,2000.0
asr_tel,text_eot_v1.1,silero_tel_caller,threshold,0.55,198,0.25252525252525254,0.23232323232323232,0.4898989898989899,288.0,1296.0,1600.0,2000.0,2000.0,2000.0
asr_tel,text_eot_v1.1,silero_tel_caller,threshold,0.6,198,0.1111111111111111,0.10101010101010101,0.7323232323232324,672.0,1216.0,1417.6,2000.0,2000.0,2000.0
asr_tel,text_eot_v1.1,silero_tel_caller,threshold,0.65,198,0.010101010101010102,0.010101010101010102,0.9696969696969697,736.0,1412.7999999999997,1485.7599999999998,2000.0,2000.0,2000.0
asr_tel,text_eot_v1.1,silero_tel_caller,threshold,0.7,198,0.010101010101010102,0.010101010101010102,0.9848484848484849,256.0,256.0,256.0,2000.0,2000.0,2000.0
asr_tel,text_eot_v1.1,silero_tel_caller,threshold,0.75,198,0.005050505050505051,0.005050505050505051,0.98989898989899,256.0,256.0,256.0,2000.0,2000.0,2000.0
asr_tel,text_eot_v1.1,silero_tel_caller,threshold,0.8,198,0.005050505050505051,0.005050505050505051,0.98989898989899,256.0,256.0,256.0,2000.0,2000.0,2000.0
asr_tel,text_eot_v1.1,silero_tel_caller,threshold,0.85,198,0.005050505050505051,0.005050505050505051,0.98989898989899,256.0,256.0,256.0,2000.0,2000.0,2000.0
asr_tel,text_eot_v1.1,silero_tel_caller,threshold,0.9,198,0.005050505050505051,0.005050505050505051,0.98989898989899,256.0,256.0,256.0,2000.0,2000.0,2000.0
asr_tel,text_eot_v1.1,silero_tel_caller,threshold,0.95,198,0.0,0.0,1.0,,,,2000.0,2000.0,2000.0
asr_tel,text_eot_v1.1+gate200,silero_tel_caller,threshold,0.05,198,0.25757575757575757,0.25252525252525254,0.050505050505050504,320.0,1062.3999999999996,1661.4399999999987,352.0,2000.0,2000.0
asr_tel,text_eot_v1.1+gate200,silero_tel_caller,threshold,0.1,198,0.22727272727272727,0.2222222222222222,0.08080808080808081,352.0,1062.3999999999996,1661.4399999999987,416.0,2000.0,2000.0
asr_tel,text_eot_v1.1+gate200,silero_tel_caller,threshold,0.15,198,0.21717171717171718,0.21212121212121213,0.12626262626262627,336.0,1123.1999999999998,1668.1599999999994,428.0,2000.0,2000.0
asr_tel,text_eot_v1.1+gate200,silero_tel_caller,threshold,0.2,198,0.19696969696969696,0.19696969696969696,0.1717171717171717,320.0,1139.1999999999998,1672.9600000000005,512.0,2000.0,2000.0
asr_tel,text_eot_v1.1+gate200,silero_tel_caller,threshold,0.25,198,0.1414141414141414,0.13636363636363635,0.26262626262626265,352.0,1225.5999999999995,1828.7999999999997,640.0,2000.0,2000.0
asr_tel,text_eot_v1.1+gate200,silero_tel_caller,threshold,0.3,198,0.10606060606060606,0.10101010101010101,0.3434343434343434,352.0,1171.1999999999998,1923.8400000000006,832.0,2000.0,2000.0
asr_tel,text_eot_v1.1+gate200,silero_tel_caller,threshold,0.35,198,0.09090909090909091,0.08585858585858586,0.3939393939393939,368.0,1374.3999999999996,1948.4799999999982,1078.0,2000.0,2000.0
asr_tel,text_eot_v1.1+gate200,silero_tel_caller,threshold,0.4,198,0.08080808080808081,0.07575757575757576,0.4696969696969697,384.0,1311.999999999999,1646.0800000000017,2000.0,2000.0,2000.0
asr_tel,text_eot_v1.1+gate200,silero_tel_caller,threshold,0.45,198,0.07575757575757576,0.0707070707070707,0.5606060606060606,288.0,1198.4,1600.0,2000.0,2000.0,2000.0
asr_tel,text_eot_v1.1+gate200,silero_tel_caller,threshold,0.5,198,0.07575757575757576,0.0707070707070707,0.5858585858585859,288.0,1206.3999999999999,1600.0,2000.0,2000.0,2000.0
asr_tel,text_eot_v1.1+gate200,silero_tel_caller,threshold,0.55,198,0.06060606060606061,0.06060606060606061,0.6313131313131313,288.0,1216.0,1600.0,2000.0,2000.0,2000.0
asr_tel,text_eot_v1.1+gate200,silero_tel_caller,threshold,0.6,198,0.030303030303030304,0.030303030303030304,0.797979797979798,496.0,1216.0,1408.9600000000005,2000.0,2000.0,2000.0
asr_tel,text_eot_v1.1+gate200,silero_tel_caller,threshold,0.65,198,0.0,0.0,0.9797979797979798,736.0,1412.7999999999997,1485.7599999999998,2000.0,2000.0,2000.0
asr_tel,text_eot_v1.1+gate200,silero_tel_caller,threshold,0.7,198,0.0,0.0,0.9949494949494949,256.0,256.0,256.0,2000.0,2000.0,2000.0
asr_tel,text_eot_v1.1+gate200,silero_tel_caller,threshold,0.75,198,0.0,0.0,0.9949494949494949,256.0,256.0,256.0,2000.0,2000.0,2000.0
asr_tel,text_eot_v1.1+gate200,silero_tel_caller,threshold,0.8,198,0.0,0.0,0.9949494949494949,256.0,256.0,256.0,2000.0,2000.0,2000.0
asr_tel,text_eot_v1.1+gate200,silero_tel_caller,threshold,0.85,198,0.0,0.0,0.9949494949494949,256.0,256.0,256.0,2000.0,2000.0,2000.0
asr_tel,text_eot_v1.1+gate200,silero_tel_caller,threshold,0.9,198,0.0,0.0,0.9949494949494949,256.0,256.0,256.0,2000.0,2000.0,2000.0
asr_tel,text_eot_v1.1+gate200,silero_tel_caller,threshold,0.95,198,0.0,0.0,1.0,,,,2000.0,2000.0,2000.0
asr_tel,prosody_prosody+gate200,silero_tel_caller,threshold,0.05,198,0.29292929292929293,0.2777777777777778,0.15656565656565657,256.0,339.1999999999998,442.8800000000001,256.0,2000.0,2000.0
asr_tel,prosody_prosody+gate200,silero_tel_caller,threshold,0.1,198,0.29292929292929293,0.2777777777777778,0.15656565656565657,256.0,339.1999999999998,442.8800000000001,256.0,2000.0,2000.0
asr_tel,prosody_prosody+gate200,silero_tel_caller,threshold,0.15,198,0.29292929292929293,0.2777777777777778,0.15656565656565657,256.0,339.1999999999998,442.8800000000001,256.0,2000.0,2000.0
asr_tel,prosody_prosody+gate200,silero_tel_caller,threshold,0.2,198,0.2878787878787879,0.2727272727272727,0.15656565656565657,256.0,337.5999999999999,442.2399999999998,256.0,2000.0,2000.0
asr_tel,prosody_prosody+gate200,silero_tel_caller,threshold,0.25,198,0.2878787878787879,0.2727272727272727,0.15656565656565657,256.0,337.5999999999999,442.2399999999998,256.0,2000.0,2000.0
asr_tel,prosody_prosody+gate200,silero_tel_caller,threshold,0.3,198,0.2878787878787879,0.2727272727272727,0.15656565656565657,256.0,337.5999999999999,442.2399999999998,256.0,2000.0,2000.0
asr_tel,prosody_prosody+gate200,silero_tel_caller,threshold,0.35,198,0.2878787878787879,0.2727272727272727,0.15656565656565657,256.0,337.5999999999999,442.2399999999998,256.0,2000.0,2000.0
asr_tel,prosody_prosody+gate200,silero_tel_caller,threshold,0.4,198,0.2878787878787879,0.2727272727272727,0.15656565656565657,256.0,337.5999999999999,442.2399999999998,256.0,2000.0,2000.0
asr_tel,prosody_prosody+gate200,silero_tel_caller,threshold,0.45,198,0.2828282828282828,0.2676767676767677,0.16161616161616163,256.0,352.0,442.2399999999998,256.0,2000.0,2000.0
asr_tel,prosody_prosody+gate200,silero_tel_caller,threshold,0.5,198,0.2727272727272727,0.25757575757575757,0.20202020202020202,256.0,352.0,446.0799999999999,288.0,2000.0,2000.0
asr_tel,prosody_prosody+gate200,silero_tel_caller,threshold,0.55,198,0.26262626262626265,0.2474747474747475,0.2222222222222222,256.0,350.39999999999964,383.67999999999984,288.0,2000.0,2000.0
asr_tel,prosody_prosody+gate200,silero_tel_caller,threshold,0.6,198,0.21717171717171718,0.20202020202020202,0.2777777777777778,256.0,321.5999999999999,384.6400000000003,288.0,2000.0,2000.0
asr_tel,prosody_prosody+gate200,silero_tel_caller,threshold,0.65,198,0.17676767676767677,0.16161616161616163,0.42424242424242425,256.0,352.0,398.0799999999999,2000.0,2000.0,2000.0
asr_tel,prosody_prosody+gate200,silero_tel_caller,threshold,0.7,198,0.13131313131313133,0.11616161616161616,0.5858585858585859,256.0,352.0,412.8000000000002,2000.0,2000.0,2000.0
asr_tel,prosody_prosody+gate200,silero_tel_caller,threshold,0.75,198,0.08585858585858586,0.07575757575757576,0.7676767676767676,256.0,339.19999999999993,375.03999999999996,2000.0,2000.0,2000.0
asr_tel,prosody_prosody+gate200,silero_tel_caller,threshold,0.8,198,0.025252525252525252,0.020202020202020204,0.9444444444444444,208.0,256.0,256.0,2000.0,2000.0,2000.0
asr_tel,prosody_prosody+gate200,silero_tel_caller,threshold,0.85,198,0.0,0.0,1.0,,,,2000.0,2000.0,2000.0
asr_tel,prosody_prosody+gate200,silero_tel_caller,threshold,0.9,198,0.0,0.0,1.0,,,,2000.0,2000.0,2000.0
asr_tel,prosody_prosody+gate200,silero_tel_caller,threshold,0.95,198,0.0,0.0,1.0,,,,2000.0,2000.0,2000.0
asr_tel,prosody_fusion+gate200,silero_tel_caller,threshold,0.05,198,0.2676767676767677,0.25252525252525254,0.16666666666666666,256.0,779.1999999999989,1080.96,288.0,2000.0,2000.0
asr_tel,prosody_fusion+gate200,silero_tel_caller,threshold,0.1,198,0.2474747474747475,0.24242424242424243,0.16666666666666666,256.0,832.0,1078.3999999999996,288.0,2000.0,2000.0
asr_tel,prosody_fusion+gate200,silero_tel_caller,threshold,0.15,198,0.2474747474747475,0.24242424242424243,0.16666666666666666,256.0,832.0,1078.3999999999996,288.0,2000.0,2000.0
asr_tel,prosody_fusion+gate200,silero_tel_caller,threshold,0.2,198,0.2474747474747475,0.24242424242424243,0.16666666666666666,256.0,832.0,1078.3999999999996,288.0,2000.0,2000.0
asr_tel,prosody_fusion+gate200,silero_tel_caller,threshold,0.25,198,0.2474747474747475,0.24242424242424243,0.16666666666666666,272.0,832.0,1078.3999999999996,288.0,2000.0,2000.0
asr_tel,prosody_fusion+gate200,silero_tel_caller,threshold,0.3,198,0.2474747474747475,0.24242424242424243,0.16666666666666666,272.0,832.0,1078.3999999999996,288.0,2000.0,2000.0
asr_tel,prosody_fusion+gate200,silero_tel_caller,threshold,0.35,198,0.24242424242424243,0.23737373737373738,0.1717171717171717,288.0,832.0,1078.3999999999996,288.0,2000.0,2000.0
asr_tel,prosody_fusion+gate200,silero_tel_caller,threshold,0.4,198,0.24242424242424243,0.23737373737373738,0.17676767676767677,288.0,841.5999999999999,1079.04,320.0,2000.0,2000.0
asr_tel,prosody_fusion+gate200,silero_tel_caller,threshold,0.45,198,0.23737373737373738,0.23232323232323232,0.1919191919191919,288.0,864.0,1080.3199999999997,320.0,2000.0,2000.0
asr_tel,prosody_fusion+gate200,silero_tel_caller,threshold,0.5,198,0.2222222222222222,0.21717171717171718,0.19696969696969696,288.0,864.0,1079.04,336.0,2000.0,2000.0
asr_tel,prosody_fusion+gate200,silero_tel_caller,threshold,0.55,198,0.21717171717171718,0.21212121212121213,0.24242424242424243,288.0,886.3999999999996,1268.4799999999996,480.0,2000.0,2000.0
asr_tel,prosody_fusion+gate200,silero_tel_caller,threshold,0.6,198,0.20707070707070707,0.20202020202020202,0.2727272727272727,288.0,982.3999999999992,1593.6000000000013,544.0,2000.0,2000.0
asr_tel,prosody_fusion+gate200,silero_tel_caller,threshold,0.65,198,0.1717171717171717,0.16666666666666666,0.29292929292929293,288.0,1016.0,1691.2000000000003,544.0,2000.0,2000.0
asr_tel,prosody_fusion+gate200,silero_tel_caller,threshold,0.7,198,0.16161616161616163,0.15656565656565657,0.3383838383838384,288.0,1094.3999999999996,1607.6799999999985,704.0,2000.0,2000.0
asr_tel,prosody_fusion+gate200,silero_tel_caller,threshold,0.75,198,0.12626262626262627,0.12626262626262627,0.4393939393939394,320.0,1136.0,1956.8000000000002,2000.0,2000.0,2000.0
asr_tel,prosody_fusion+gate200,silero_tel_caller,threshold,0.8,198,0.10101010101010101,0.10101010101010101,0.5606060606060606,288.0,963.1999999999996,1730.5600000000013,2000.0,2000.0,2000.0
asr_tel,prosody_fusion+gate200,silero_tel_caller,threshold,0.85,198,0.08585858585858586,0.08585858585858586,0.6818181818181818,288.0,1256.0,1811.199999999999,2000.0,2000.0,2000.0
asr_tel,prosody_fusion+gate200,silero_tel_caller,threshold,0.9,198,0.03535353535353535,0.03535353535353535,0.8434343434343434,256.0,891.1999999999999,1068.48,2000.0,2000.0,2000.0
asr_tel,prosody_fusion+gate200,silero_tel_caller,threshold,0.95,198,0.010101010101010102,0.010101010101010102,0.9595959595959596,544.0,1496.0,1579.2,2000.0,2000.0,2000.0
asr_16k_content,fixed_timeout+silero,silero_caller,timeout_ms,100,198,0.4292929292929293,0.4090909090909091,0.0,128.0,160.0,276.47999999999956,128.0,160.0,276.47999999999956
asr_16k_content,fixed_timeout+silero,silero_caller,timeout_ms,200,198,0.30808080808080807,0.29797979797979796,0.0,224.0,256.0,404.47999999999956,224.0,256.0,404.47999999999956
asr_16k_content,fixed_timeout+silero,silero_caller,timeout_ms,300,198,0.25252525252525254,0.2474747474747475,0.0,320.0,372.8000000000002,496.96000000000004,320.0,372.8000000000002,496.96000000000004
asr_16k_content,fixed_timeout+silero,silero_caller,timeout_ms,400,198,0.21212121212121213,0.20707070707070707,0.0,416.0,480.0,590.3999999999996,416.0,480.0,590.3999999999996
asr_16k_content,fixed_timeout+silero,silero_caller,timeout_ms,500,198,0.17676767676767677,0.1717171717171717,0.0,512.0,572.8000000000002,684.1599999999999,512.0,572.8000000000002,684.1599999999999
asr_16k_content,fixed_timeout+silero,silero_caller,timeout_ms,600,198,0.13131313131313133,0.12626262626262627,0.0,608.0,672.0,777.2799999999997,608.0,672.0,777.2799999999997
asr_16k_content,fixed_timeout+silero,silero_caller,timeout_ms,700,198,0.1111111111111111,0.1111111111111111,0.0,704.0,768.0,872.0,704.0,768.0,872.0
asr_16k_content,fixed_timeout+silero,silero_caller,timeout_ms,800,198,0.10606060606060606,0.10606060606060606,0.0,800.0,864.0,967.6800000000003,800.0,864.0,967.6800000000003
asr_16k_content,fixed_timeout+silero,silero_caller,timeout_ms,900,198,0.0707070707070707,0.0707070707070707,0.0,928.0,987.1999999999998,1093.4399999999996,928.0,987.1999999999998,1093.4399999999996
asr_16k_content,fixed_timeout+silero,silero_caller,timeout_ms,1000,198,0.04040404040404041,0.04040404040404041,0.0,1024.0,1088.0,1187.5199999999995,1024.0,1088.0,1187.5199999999995
asr_16k_content,fixed_timeout+silero,silero_caller,timeout_ms,1100,198,0.03535353535353535,0.03535353535353535,0.0,1120.0,1184.0,1283.1999999999998,1120.0,1184.0,1283.1999999999998
asr_16k_content,fixed_timeout+silero,silero_caller,timeout_ms,1200,198,0.03535353535353535,0.03535353535353535,0.0,1216.0,1280.0,1379.1999999999998,1216.0,1280.0,1379.1999999999998
asr_16k_content,fixed_timeout+silero,silero_caller,timeout_ms,1300,198,0.025252525252525252,0.025252525252525252,0.0,1312.0,1376.0,1474.5599999999995,1312.0,1376.0,1474.5599999999995
asr_16k_content,fixed_timeout+silero,silero_caller,timeout_ms,1400,198,0.025252525252525252,0.025252525252525252,0.0,1408.0,1472.0,1570.5599999999995,1408.0,1472.0,1570.5599999999995
asr_16k_content,fixed_timeout+silero,silero_caller,timeout_ms,1500,198,0.010101010101010102,0.010101010101010102,0.0,1504.0,1568.0,1665.6000000000004,1504.0,1568.0,1665.6000000000004
asr_16k_content,fixed_timeout+silero,silero_caller,timeout_ms,1600,198,0.010101010101010102,0.010101010101010102,0.0,1600.0,1664.0,1761.6000000000004,1600.0,1664.0,1761.6000000000004
asr_16k_content,fixed_timeout+silero,silero_caller,timeout_ms,1700,198,0.010101010101010102,0.010101010101010102,0.0,1728.0,1792.0,1889.6000000000004,1728.0,1792.0,1889.6000000000004
asr_16k_content,fixed_timeout+silero,silero_caller,timeout_ms,1800,198,0.0,0.0,0.010101010101010102,1824.0,1864.0,1984.0,1824.0,1888.0,1984.48
asr_16k_content,fixed_timeout+silero,silero_caller,timeout_ms,1900,198,0.0,0.0,0.04040404040404041,1920.0,1952.0,1984.0,1920.0,1984.0,2000.0
asr_16k_content,fixed_timeout+silero,silero_caller,timeout_ms,2000,198,0.0,0.0,0.9747474747474747,1758.0,1884.0,1887.2,2000.0,2000.0,2000.0
asr_16k_content,fixed_timeout+energy,energy_caller,timeout_ms,500.0,198,0.14646464646464646,0.1414141414141414,0.0,448.0,672.0,672.0,448.0,672.0,672.0
asr_16k_content,fixed_timeout+energy,energy_caller,timeout_ms,800.0,198,0.05555555555555555,0.050505050505050504,0.0,736.0,960.0,960.0,736.0,960.0,960.0
asr_16k_content,fixed_timeout+energy,energy_caller,timeout_ms,1000.0,198,0.010101010101010102,0.010101010101010102,0.0,960.0,1184.0,1184.0,960.0,1184.0,1184.0
asr_16k_content,punctuation,silero_caller,none,0.0,198,0.8636363636363636,0.8080808080808081,0.015151515151515152,128.0,1024.0,1196.48,192.0,2000.0,2000.0
asr_16k_content,punctuation+gate200,silero_caller,none,0.0,198,0.22727272727272727,0.2222222222222222,0.06565656565656566,256.0,547.1999999999989,1024.0,256.0,2000.0,2000.0
asr_16k_content,text_eot_v1.1,silero_caller,threshold,0.05,198,0.8636363636363636,0.8080808080808081,0.015151515151515152,128.0,519.9999999999997,962.8799999999998,128.0,2000.0,2000.0
asr_16k_content,text_eot_v1.1,silero_caller,threshold,0.1,198,0.8585858585858586,0.803030303030303,0.025252525252525252,128.0,527.9999999999998,968.3200000000006,144.0,2000.0,2000.0
asr_16k_content,text_eot_v1.1,silero_caller,threshold,0.15,198,0.8333333333333334,0.7878787878787878,0.045454545454545456,128.0,1006.3999999999988,1211.1999999999998,288.0,2000.0,2000.0
asr_16k_content,text_eot_v1.1,silero_caller,threshold,0.2,198,0.797979797979798,0.7575757575757576,0.06060606060606061,144.0,953.5999999999995,1204.8000000000002,368.0,2000.0,2000.0
asr_16k_content,text_eot_v1.1,silero_caller,threshold,0.25,198,0.7525252525252525,0.7121212121212122,0.10101010101010101,128.0,1081.599999999999,1455.3599999999997,544.0,2000.0,2000.0
asr_16k_content,text_eot_v1.1,silero_caller,threshold,0.3,198,0.7323232323232324,0.6919191919191919,0.1111111111111111,256.0,1392.0,1648.0,704.0,2000.0,2000.0
asr_16k_content,text_eot_v1.1,silero_caller,threshold,0.35,198,0.696969696969697,0.6666666666666666,0.1717171717171717,208.0,1096.0,1232.0,2000.0,2000.0,2000.0
asr_16k_content,text_eot_v1.1,silero_caller,threshold,0.4,198,0.6666666666666666,0.6313131313131313,0.20707070707070707,256.0,825.5999999999999,1148.1599999999992,2000.0,2000.0,2000.0
asr_16k_content,text_eot_v1.1,silero_caller,threshold,0.45,198,0.6464646464646465,0.6111111111111112,0.2676767676767677,256.0,851.1999999999995,1322.2399999999998,2000.0,2000.0,2000.0
asr_16k_content,text_eot_v1.1,silero_caller,threshold,0.5,198,0.5909090909090909,0.5656565656565656,0.3383838383838384,256.0,916.7999999999997,1232.9599999999996,2000.0,2000.0,2000.0
asr_16k_content,text_eot_v1.1,silero_caller,threshold,0.55,198,0.5656565656565656,0.5404040404040404,0.3787878787878788,256.0,624.0,688.0,2000.0,2000.0,2000.0
asr_16k_content,text_eot_v1.1,silero_caller,threshold,0.6,198,0.18686868686868688,0.18686868686868688,0.7222222222222222,416.0,1751.9999999999998,1860.7999999999997,2000.0,2000.0,2000.0
asr_16k_content,text_eot_v1.1,silero_caller,threshold,0.65,198,0.030303030303030304,0.030303030303030304,0.9545454545454546,704.0,1625.6,1707.52,2000.0,2000.0,2000.0
asr_16k_content,text_eot_v1.1,silero_caller,threshold,0.7,198,0.030303030303030304,0.030303030303030304,0.9646464646464646,1728.0,1728.0,1728.0,2000.0,2000.0,2000.0
asr_16k_content,text_eot_v1.1,silero_caller,threshold,0.75,198,0.030303030303030304,0.030303030303030304,0.9646464646464646,1728.0,1728.0,1728.0,2000.0,2000.0,2000.0
asr_16k_content,text_eot_v1.1,silero_caller,threshold,0.8,198,0.030303030303030304,0.030303030303030304,0.9646464646464646,1728.0,1728.0,1728.0,2000.0,2000.0,2000.0
asr_16k_content,text_eot_v1.1,silero_caller,threshold,0.85,198,0.030303030303030304,0.030303030303030304,0.9646464646464646,1728.0,1728.0,1728.0,2000.0,2000.0,2000.0
asr_16k_content,text_eot_v1.1,silero_caller,threshold,0.9,198,0.030303030303030304,0.030303030303030304,0.9646464646464646,1728.0,1728.0,1728.0,2000.0,2000.0,2000.0
asr_16k_content,text_eot_v1.1,silero_caller,threshold,0.95,198,0.0,0.0,1.0,,,,2000.0,2000.0,2000.0
asr_16k_content,text_eot_v1.1+gate200,silero_caller,threshold,0.05,198,0.22727272727272727,0.2222222222222222,0.07575757575757576,256.0,553.6000000000004,1052.4799999999996,256.0,2000.0,2000.0
asr_16k_content,text_eot_v1.1+gate200,silero_caller,threshold,0.1,198,0.21212121212121213,0.20707070707070707,0.1111111111111111,256.0,715.1999999999998,1302.399999999996,256.0,2000.0,2000.0
asr_16k_content,text_eot_v1.1+gate200,silero_caller,threshold,0.15,198,0.1919191919191919,0.18686868686868688,0.17676767676767677,256.0,716.7999999999997,1209.6000000000008,256.0,2000.0,2000.0
asr_16k_content,text_eot_v1.1+gate200,silero_caller,threshold,0.2,198,0.16161616161616163,0.15656565656565657,0.21212121212121213,256.0,800.0,1297.2799999999997,256.0,2000.0,2000.0
asr_16k_content,text_eot_v1.1+gate200,silero_caller,threshold,0.25,198,0.13131313131313133,0.12626262626262627,0.29292929292929293,256.0,800.0,1248.0,256.0,2000.0,2000.0
asr_16k_content,text_eot_v1.1+gate200,silero_caller,threshold,0.3,198,0.12121212121212122,0.11616161616161616,0.3333333333333333,256.0,820.7999999999997,1515.8399999999979,384.0,2000.0,2000.0
asr_16k_content,text_eot_v1.1+gate200,silero_caller,threshold,0.35,198,0.10101010101010101,0.09595959595959595,0.40404040404040403,256.0,804.7999999999997,1185.92,720.0,2000.0,2000.0
asr_16k_content,text_eot_v1.1+gate200,silero_caller,threshold,0.4,198,0.09595959595959595,0.09090909090909091,0.4696969696969697,256.0,800.0,1030.4000000000015,2000.0,2000.0,2000.0
asr_16k_content,text_eot_v1.1+gate200,silero_caller,threshold,0.45,198,0.09595959595959595,0.09090909090909091,0.5404040404040404,256.0,747.2000000000003,1121.9200000000028,2000.0,2000.0,2000.0
asr_16k_content,text_eot_v1.1+gate200,silero_caller,threshold,0.5,198,0.09090909090909091,0.08585858585858586,0.6111111111111112,256.0,559.9999999999991,1015.0400000000009,2000.0,2000.0,2000.0
asr_16k_content,text_eot_v1.1+gate200,silero_caller,threshold,0.55,198,0.08080808080808081,0.07575757575757576,0.6515151515151515,256.0,486.39999999999986,750.0799999999997,2000.0,2000.0,2000.0
asr_16k_content,text_eot_v1.1+gate200,silero_caller,threshold,0.6,198,0.030303030303030304,0.030303030303030304,0.8333333333333334,256.0,1554.5999999999997,1846.3999999999996,2000.0,2000.0,2000.0
asr_16k_content,text_eot_v1.1+gate200,silero_caller,threshold,0.65,198,0.005050505050505051,0.005050505050505051,0.9646464646464646,352.0,1472.0,1676.8000000000002,2000.0,2000.0,2000.0
asr_16k_content,text_eot_v1.1+gate200,silero_caller,threshold,0.7,198,0.005050505050505051,0.005050505050505051,0.9747474747474747,256.0,1507.1999999999994,1683.8399999999997,2000.0,2000.0,2000.0
asr_16k_content,text_eot_v1.1+gate200,silero_caller,threshold,0.75,198,0.005050505050505051,0.005050505050505051,0.9747474747474747,256.0,1507.1999999999994,1683.8399999999997,2000.0,2000.0,2000.0
asr_16k_content,text_eot_v1.1+gate200,silero_caller,threshold,0.8,198,0.005050505050505051,0.005050505050505051,0.9747474747474747,256.0,1507.1999999999994,1683.8399999999997,2000.0,2000.0,2000.0
asr_16k_content,text_eot_v1.1+gate200,silero_caller,threshold,0.85,198,0.005050505050505051,0.005050505050505051,0.9747474747474747,256.0,1507.1999999999994,1683.8399999999997,2000.0,2000.0,2000.0
asr_16k_content,text_eot_v1.1+gate200,silero_caller,threshold,0.9,198,0.005050505050505051,0.005050505050505051,0.9747474747474747,256.0,1507.1999999999994,1683.8399999999997,2000.0,2000.0,2000.0
asr_16k_content,text_eot_v1.1+gate200,silero_caller,threshold,0.95,198,0.0,0.0,1.0,,,,2000.0,2000.0,2000.0
asr_16k_content,prosody_prosody+gate200,silero_caller,threshold,0.05,198,0.2676767676767677,0.26262626262626265,0.025252525252525252,224.0,256.0,403.5199999999995,256.0,384.0,2000.0
asr_16k_content,prosody_prosody+gate200,silero_caller,threshold,0.1,198,0.2676767676767677,0.26262626262626265,0.025252525252525252,224.0,256.0,403.5199999999995,256.0,384.0,2000.0
asr_16k_content,prosody_prosody+gate200,silero_caller,threshold,0.15,198,0.2676767676767677,0.26262626262626265,0.025252525252525252,224.0,256.0,403.5199999999995,256.0,384.0,2000.0
asr_16k_content,prosody_prosody+gate200,silero_caller,threshold,0.2,198,0.2676767676767677,0.26262626262626265,0.025252525252525252,224.0,256.0,403.5199999999995,256.0,384.0,2000.0
asr_16k_content,prosody_prosody+gate200,silero_caller,threshold,0.25,198,0.2676767676767677,0.26262626262626265,0.025252525252525252,224.0,256.0,403.5199999999995,256.0,384.0,2000.0
asr_16k_content,prosody_prosody+gate200,silero_caller,threshold,0.3,198,0.2676767676767677,0.26262626262626265,0.025252525252525252,224.0,256.0,403.5199999999995,256.0,384.0,2000.0
asr_16k_content,prosody_prosody+gate200,silero_caller,threshold,0.35,198,0.2676767676767677,0.26262626262626265,0.025252525252525252,224.0,256.0,403.5199999999995,256.0,384.0,2000.0
asr_16k_content,prosody_prosody+gate200,silero_caller,threshold,0.4,198,0.26262626262626265,0.25757575757575757,0.025252525252525252,224.0,256.0,403.1999999999998,256.0,384.0,2000.0
asr_16k_content,prosody_prosody+gate200,silero_caller,threshold,0.45,198,0.25252525252525254,0.2474747474747475,0.050505050505050504,224.0,256.0,404.15999999999985,256.0,2000.0,2000.0
asr_16k_content,prosody_prosody+gate200,silero_caller,threshold,0.5,198,0.25252525252525254,0.2474747474747475,0.10606060606060606,256.0,256.0,407.67999999999984,256.0,2000.0,2000.0
asr_16k_content,prosody_prosody+gate200,silero_caller,threshold,0.55,198,0.21212121212121213,0.20707070707070707,0.16666666666666666,256.0,256.0,408.96000000000004,256.0,2000.0,2000.0
asr_16k_content,prosody_prosody+gate200,silero_caller,threshold,0.6,198,0.16161616161616163,0.15656565656565657,0.29797979797979796,224.0,288.0,414.0799999999999,256.0,2000.0,2000.0
asr_16k_content,prosody_prosody+gate200,silero_caller,threshold,0.65,198,0.10606060606060606,0.10101010101010101,0.51010101010101,256.0,328.0,392.0,2000.0,2000.0,2000.0
asr_16k_content,prosody_prosody+gate200,silero_caller,threshold,0.7,198,0.0707070707070707,0.06565656565656566,0.6666666666666666,256.0,256.0,367.68000000000006,2000.0,2000.0,2000.0
asr_16k_content,prosody_prosody+gate200,silero_caller,threshold,0.75,198,0.04040404040404041,0.04040404040404041,0.8434343434343434,256.0,256.0,256.0,2000.0,2000.0,2000.0
asr_16k_content,prosody_prosody+gate200,silero_caller,threshold,0.8,198,0.010101010101010102,0.010101010101010102,0.9797979797979798,224.0,224.0,224.0,2000.0,2000.0,2000.0
asr_16k_content,prosody_prosody+gate200,silero_caller,threshold,0.85,198,0.0,0.0,1.0,,,,2000.0,2000.0,2000.0
asr_16k_content,prosody_prosody+gate200,silero_caller,threshold,0.9,198,0.0,0.0,1.0,,,,2000.0,2000.0,2000.0
asr_16k_content,prosody_prosody+gate200,silero_caller,threshold,0.95,198,0.0,0.0,1.0,,,,2000.0,2000.0,2000.0
asr_16k_content,prosody_fusion+gate200,silero_caller,threshold,0.05,198,0.25757575757575757,0.25757575757575757,0.03535353535353535,256.0,385.59999999999945,698.5599999999986,256.0,982.399999999996,2000.0
asr_16k_content,prosody_fusion+gate200,silero_caller,threshold,0.1,198,0.25757575757575757,0.25757575757575757,0.03535353535353535,256.0,416.0,698.5599999999986,256.0,982.399999999996,2000.0
asr_16k_content,prosody_fusion+gate200,silero_caller,threshold,0.15,198,0.25757575757575757,0.25757575757575757,0.03535353535353535,256.0,416.0,698.5599999999986,256.0,982.399999999996,2000.0
asr_16k_content,prosody_fusion+gate200,silero_caller,threshold,0.2,198,0.25757575757575757,0.25757575757575757,0.03535353535353535,256.0,416.0,698.5599999999986,256.0,982.399999999996,2000.0
asr_16k_content,prosody_fusion+gate200,silero_caller,threshold,0.25,198,0.25757575757575757,0.25757575757575757,0.03535353535353535,256.0,416.0,698.5599999999986,256.0,982.399999999996,2000.0
asr_16k_content,prosody_fusion+gate200,silero_caller,threshold,0.3,198,0.25757575757575757,0.25757575757575757,0.045454545454545456,256.0,416.0,700.4799999999996,256.0,2000.0,2000.0
asr_16k_content,prosody_fusion+gate200,silero_caller,threshold,0.35,198,0.25757575757575757,0.25757575757575757,0.045454545454545456,256.0,416.0,700.4799999999996,256.0,2000.0,2000.0
asr_16k_content,prosody_fusion+gate200,silero_caller,threshold,0.4,198,0.2474747474747475,0.2474747474747475,0.06060606060606061,256.0,416.0,701.4399999999987,256.0,2000.0,2000.0
asr_16k_content,prosody_fusion+gate200,silero_caller,threshold,0.45,198,0.2222222222222222,0.2222222222222222,0.0707070707070707,256.0,416.0,698.5599999999986,256.0,2000.0,2000.0
asr_16k_content,prosody_fusion+gate200,silero_caller,threshold,0.5,198,0.2222222222222222,0.2222222222222222,0.11616161616161616,256.0,448.0,982.399999999996,256.0,2000.0,2000.0
asr_16k_content,prosody_fusion+gate200,silero_caller,threshold,0.55,198,0.18686868686868688,0.18686868686868688,0.14646464646464646,256.0,444.7999999999993,978.8799999999992,256.0,2000.0,2000.0
asr_16k_content,prosody_fusion+gate200,silero_caller,threshold,0.6,198,0.1717171717171717,0.1717171717171717,0.18686868686868688,256.0,524.7999999999993,1324.7999999999984,256.0,2000.0,2000.0
asr_16k_content,prosody_fusion+gate200,silero_caller,threshold,0.65,198,0.14646464646464646,0.14646464646464646,0.23232323232323232,256.0,636.7999999999997,1362.5600000000004,256.0,2000.0,2000.0
asr_16k_content,prosody_fusion+gate200,silero_caller,threshold,0.7,198,0.13636363636363635,0.13636363636363635,0.29292929292929293,256.0,665.5999999999995,1285.119999999999,256.0,2000.0,2000.0
asr_16k_content,prosody_fusion+gate200,silero_caller,threshold,0.75,198,0.10101010101010101,0.10101010101010101,0.37373737373737376,256.0,800.0,1308.1599999999999,384.0,2000.0,2000.0
asr_16k_content,prosody_fusion+gate200,silero_caller,threshold,0.8,198,0.08585858585858586,0.08585858585858586,0.5252525252525253,256.0,992.0,1263.3599999999997,2000.0,2000.0,2000.0
asr_16k_content,prosody_fusion+gate200,silero_caller,threshold,0.85,198,0.050505050505050504,0.050505050505050504,0.6414141414141414,256.0,1088.0,1708.8,2000.0,2000.0,2000.0
asr_16k_content,prosody_fusion+gate200,silero_caller,threshold,0.9,198,0.03535353535353535,0.03535353535353535,0.7878787878787878,256.0,591.9999999999995,1379.8399999999965,2000.0,2000.0,2000.0
asr_16k_content,prosody_fusion+gate200,silero_caller,threshold,0.95,198,0.015151515151515152,0.015151515151515152,0.9545454545454546,240.0,472.0,529.6,2000.0,2000.0,2000.0
nova3_16k,flux,silero_caller,eot_threshold,0.7,198,0.08585858585858586,0.07575757575757576,0.1111111111111111,512.0,1283.1999999999998,1709.4399999999996,576.0,2000.0,2000.0
nova3_16k,flux_conf,silero_caller,threshold,0.05,198,0.6919191919191919,0.6212121212121212,0.09595959595959595,128.0,411.1999999999996,580.1599999999992,192.0,2000.0,2000.0
nova3_16k,flux_conf,silero_caller,threshold,0.1,198,0.6111111111111112,0.5505050505050505,0.09595959595959595,128.0,334.39999999999986,544.3199999999999,160.0,2000.0,2000.0
nova3_16k,flux_conf,silero_caller,threshold,0.15,198,0.5202020202020202,0.4444444444444444,0.09595959595959595,112.0,296.0,504.0,128.0,2000.0,2000.0
nova3_16k,flux_conf,silero_caller,threshold,0.2,198,0.4595959595959596,0.3686868686868687,0.09595959595959595,128.0,436.7999999999997,684.4799999999996,160.0,2000.0,2000.0
nova3_16k,flux_conf,silero_caller,threshold,0.25,198,0.41919191919191917,0.3434343434343434,0.09595959595959595,128.0,448.0,676.7999999999997,160.0,2000.0,2000.0
nova3_16k,flux_conf,silero_caller,threshold,0.3,198,0.37373737373737376,0.30808080808080807,0.09595959595959595,160.0,556.7999999999997,948.4799999999982,160.0,2000.0,2000.0
nova3_16k,flux_conf,silero_caller,threshold,0.35,198,0.3484848484848485,0.2727272727272727,0.09595959595959595,160.0,561.5999999999999,992.3199999999988,192.0,2000.0,2000.0
nova3_16k,flux_conf,silero_caller,threshold,0.4,198,0.2828282828282828,0.2474747474747475,0.09595959595959595,192.0,633.5999999999995,1181.4400000000005,224.0,2000.0,2000.0
nova3_16k,flux_conf,silero_caller,threshold,0.45,198,0.25252525252525254,0.22727272727272727,0.09595959595959595,230.0,659.1999999999998,1154.5599999999995,288.0,2000.0,2000.0
nova3_16k,flux_conf,silero_caller,threshold,0.5,198,0.23232323232323232,0.20707070707070707,0.09595959595959595,288.0,748.7999999999997,1350.4000000000033,320.0,2000.0,2000.0
nova3_16k,flux_conf,silero_caller,threshold,0.55,198,0.18181818181818182,0.16161616161616163,0.09595959595959595,352.0,800.0,1701.1200000000008,384.0,2000.0,2000.0
nova3_16k,flux_conf,silero_caller,threshold,0.6,198,0.16161616161616163,0.14646464646464646,0.09595959595959595,384.0,1016.1999999999997,1779.8399999999992,416.0,2000.0,2000.0
nova3_16k,flux_conf,silero_caller,threshold,0.65,198,0.11616161616161616,0.10606060606060606,0.10606060606060606,448.0,1120.0,1697.26,480.0,2000.0,2000.0
nova3_16k,flux_conf,silero_caller,threshold,0.7,198,0.10606060606060606,0.08585858585858586,0.1111111111111111,480.0,1289.5999999999995,1710.7200000000003,544.0,2000.0,2000.0
nova3_16k,flux_conf,silero_caller,threshold,0.75,198,0.05555555555555555,0.045454545454545456,0.6111111111111112,416.0,824.0,1038.3999999999987,2000.0,2000.0,2000.0
nova3_16k,flux_conf,silero_caller,threshold,0.8,198,0.025252525252525252,0.020202020202020204,0.8383838383838383,416.0,793.5999999999999,1092.4799999999996,2000.0,2000.0,2000.0
nova3_16k,flux_conf,silero_caller,threshold,0.85,198,0.010101010101010102,0.010101010101010102,0.9646464646464646,480.0,1049.6,1157.12,2000.0,2000.0,2000.0
nova3_16k,flux_conf,silero_caller,threshold,0.9,198,0.0,0.0,1.0,,,,2000.0,2000.0,2000.0
nova3_16k,flux_conf,silero_caller,threshold,0.95,198,0.0,0.0,1.0,,,,2000.0,2000.0,2000.0
nova3_16k,nova3_speech_final,silero_caller,none,0.0,198,0.37373737373737376,0.3686868686868687,0.010101010101010102,128.0,320.0,377.27999999999975,128.0,320.0,1628.3199999999936
nova3_16k,fixed_timeout+silero,silero_caller,timeout_ms,100,198,0.4292929292929293,0.4090909090909091,0.0,128.0,160.0,276.47999999999956,128.0,160.0,276.47999999999956
nova3_16k,fixed_timeout+silero,silero_caller,timeout_ms,200,198,0.30808080808080807,0.29797979797979796,0.0,224.0,256.0,404.47999999999956,224.0,256.0,404.47999999999956
nova3_16k,fixed_timeout+silero,silero_caller,timeout_ms,300,198,0.25252525252525254,0.2474747474747475,0.0,320.0,372.8000000000002,496.96000000000004,320.0,372.8000000000002,496.96000000000004
nova3_16k,fixed_timeout+silero,silero_caller,timeout_ms,400,198,0.21212121212121213,0.20707070707070707,0.0,416.0,480.0,590.3999999999996,416.0,480.0,590.3999999999996
nova3_16k,fixed_timeout+silero,silero_caller,timeout_ms,500,198,0.17676767676767677,0.1717171717171717,0.0,512.0,572.8000000000002,684.1599999999999,512.0,572.8000000000002,684.1599999999999
nova3_16k,fixed_timeout+silero,silero_caller,timeout_ms,600,198,0.13131313131313133,0.12626262626262627,0.0,608.0,672.0,777.2799999999997,608.0,672.0,777.2799999999997
nova3_16k,fixed_timeout+silero,silero_caller,timeout_ms,700,198,0.1111111111111111,0.1111111111111111,0.0,704.0,768.0,872.0,704.0,768.0,872.0
nova3_16k,fixed_timeout+silero,silero_caller,timeout_ms,800,198,0.10606060606060606,0.10606060606060606,0.0,800.0,864.0,967.6800000000003,800.0,864.0,967.6800000000003
nova3_16k,fixed_timeout+silero,silero_caller,timeout_ms,900,198,0.0707070707070707,0.0707070707070707,0.0,928.0,987.1999999999998,1093.4399999999996,928.0,987.1999999999998,1093.4399999999996
nova3_16k,fixed_timeout+silero,silero_caller,timeout_ms,1000,198,0.04040404040404041,0.04040404040404041,0.0,1024.0,1088.0,1187.5199999999995,1024.0,1088.0,1187.5199999999995
nova3_16k,fixed_timeout+silero,silero_caller,timeout_ms,1100,198,0.03535353535353535,0.03535353535353535,0.0,1120.0,1184.0,1283.1999999999998,1120.0,1184.0,1283.1999999999998
nova3_16k,fixed_timeout+silero,silero_caller,timeout_ms,1200,198,0.03535353535353535,0.03535353535353535,0.0,1216.0,1280.0,1379.1999999999998,1216.0,1280.0,1379.1999999999998
nova3_16k,fixed_timeout+silero,silero_caller,timeout_ms,1300,198,0.025252525252525252,0.025252525252525252,0.0,1312.0,1376.0,1474.5599999999995,1312.0,1376.0,1474.5599999999995
nova3_16k,fixed_timeout+silero,silero_caller,timeout_ms,1400,198,0.025252525252525252,0.025252525252525252,0.0,1408.0,1472.0,1570.5599999999995,1408.0,1472.0,1570.5599999999995
nova3_16k,fixed_timeout+silero,silero_caller,timeout_ms,1500,198,0.010101010101010102,0.010101010101010102,0.0,1504.0,1568.0,1665.6000000000004,1504.0,1568.0,1665.6000000000004
nova3_16k,fixed_timeout+silero,silero_caller,timeout_ms,1600,198,0.010101010101010102,0.010101010101010102,0.0,1600.0,1664.0,1761.6000000000004,1600.0,1664.0,1761.6000000000004
nova3_16k,fixed_timeout+silero,silero_caller,timeout_ms,1700,198,0.010101010101010102,0.010101010101010102,0.0,1728.0,1792.0,1889.6000000000004,1728.0,1792.0,1889.6000000000004
nova3_16k,fixed_timeout+silero,silero_caller,timeout_ms,1800,198,0.0,0.0,0.010101010101010102,1824.0,1864.0,1984.0,1824.0,1888.0,1984.48
nova3_16k,fixed_timeout+silero,silero_caller,timeout_ms,1900,198,0.0,0.0,0.04040404040404041,1920.0,1952.0,1984.0,1920.0,1984.0,2000.0
nova3_16k,fixed_timeout+silero,silero_caller,timeout_ms,2000,198,0.0,0.0,0.9747474747474747,1758.0,1884.0,1887.2,2000.0,2000.0,2000.0
nova3_16k,fixed_timeout+energy,energy_caller,timeout_ms,500.0,198,0.14646464646464646,0.1414141414141414,0.0,448.0,672.0,672.0,448.0,672.0,672.0
nova3_16k,fixed_timeout+energy,energy_caller,timeout_ms,800.0,198,0.05555555555555555,0.050505050505050504,0.0,736.0,960.0,960.0,736.0,960.0,960.0
nova3_16k,fixed_timeout+energy,energy_caller,timeout_ms,1000.0,198,0.010101010101010102,0.010101010101010102,0.0,960.0,1184.0,1184.0,960.0,1184.0,1184.0
nova3_16k,punctuation,silero_caller,none,0.0,198,0.37373737373737376,0.29797979797979796,0.16161616161616163,96.0,238.4000000000001,320.0,128.0,2000.0,2000.0
nova3_16k,punctuation+gate200,silero_caller,none,0.0,198,0.1717171717171717,0.16161616161616163,0.18181818181818182,240.0,320.0,407.3600000000001,256.0,2000.0,2000.0
nova3_16k,text_eot_v1.1,silero_caller,threshold,0.05,198,0.5707070707070707,0.51010101010101,0.13636363636363635,96.0,196.79999999999995,283.52,128.0,2000.0,2000.0
nova3_16k,text_eot_v1.1,silero_caller,threshold,0.1,198,0.5202020202020202,0.45454545454545453,0.16666666666666666,96.0,192.0,280.96000000000004,128.0,2000.0,2000.0
nova3_16k,text_eot_v1.1,silero_caller,threshold,0.15,198,0.4696969696969697,0.4090909090909091,0.20202020202020202,96.0,217.5999999999999,279.03999999999996,160.0,2000.0,2000.0
nova3_16k,text_eot_v1.1,silero_caller,threshold,0.2,198,0.4393939393939394,0.3787878787878788,0.2474747474747475,96.0,224.0,280.96000000000004,192.0,2000.0,2000.0
nova3_16k,text_eot_v1.1,silero_caller,threshold,0.25,198,0.3686868686868687,0.30808080808080807,0.3333333333333333,96.0,256.0,924.8000000000025,2000.0,2000.0,2000.0
nova3_16k,text_eot_v1.1,silero_caller,threshold,0.3,198,0.3333333333333333,0.2727272727272727,0.3838383838383838,96.0,200.0,1038.4000000000037,2000.0,2000.0,2000.0
nova3_16k,text_eot_v1.1,silero_caller,threshold,0.35,198,0.2878787878787879,0.22727272727272727,0.42424242424242425,96.0,243.1999999999996,1025.279999999997,2000.0,2000.0,2000.0
nova3_16k,text_eot_v1.1,silero_caller,threshold,0.4,198,0.21717171717171718,0.1717171717171717,0.5202020202020202,96.0,267.1999999999996,1090.8800000000026,2000.0,2000.0,2000.0
nova3_16k,text_eot_v1.1,silero_caller,threshold,0.45,198,0.16666666666666666,0.13131313131313133,0.601010101010101,96.0,296.0,1169.5999999999963,2000.0,2000.0,2000.0
nova3_16k,text_eot_v1.1,silero_caller,threshold,0.5,198,0.1414141414141414,0.11616161616161616,0.6666666666666666,96.0,257.5999999999997,1274.5600000000034,2000.0,2000.0,2000.0
nova3_16k,text_eot_v1.1,silero_caller,threshold,0.55,198,0.10101010101010101,0.08080808080808081,0.7474747474747475,96.0,209.5999999999999,1314.5600000000013,2000.0,2000.0,2000.0
nova3_16k,text_eot_v1.1,silero_caller,threshold,0.6,198,0.050505050505050504,0.03535353535353535,0.898989898989899,64.0,209.59999999999997,221.12,2000.0,2000.0,2000.0
nova3_16k,text_eot_v1.1,silero_caller,threshold,0.65,198,0.005050505050505051,0.005050505050505051,0.98989898989899,192.0,192.0,192.0,2000.0,2000.0,2000.0
nova3_16k,text_eot_v1.1,silero_caller,threshold,0.7,198,0.0,0.0,1.0,,,,2000.0,2000.0,2000.0
nova3_16k,text_eot_v1.1,silero_caller,threshold,0.75,198,0.0,0.0,1.0,,,,2000.0,2000.0,2000.0
nova3_16k,text_eot_v1.1,silero_caller,threshold,0.8,198,0.0,0.0,1.0,,,,2000.0,2000.0,2000.0
nova3_16k,text_eot_v1.1,silero_caller,threshold,0.85,198,0.0,0.0,1.0,,,,2000.0,2000.0,2000.0
nova3_16k,text_eot_v1.1,silero_caller,threshold,0.9,198,0.0,0.0,1.0,,,,2000.0,2000.0,2000.0
nova3_16k,text_eot_v1.1,silero_caller,threshold,0.95,198,0.0,0.0,1.0,,,,2000.0,2000.0,2000.0
nova3_16k,text_eot_v1.1+gate200,silero_caller,threshold,0.05,198,0.21212121212121213,0.20202020202020202,0.15656565656565657,224.0,320.0,408.32000000000016,256.0,2000.0,2000.0
nova3_16k,text_eot_v1.1+gate200,silero_caller,threshold,0.1,198,0.20707070707070707,0.19696969696969696,0.19696969696969696,224.0,320.0,410.55999999999995,256.0,2000.0,2000.0
nova3_16k,text_eot_v1.1+gate200,silero_caller,threshold,0.15,198,0.1717171717171717,0.16161616161616163,0.2676767676767677,224.0,288.0,380.8000000000002,256.0,2000.0,2000.0
nova3_16k,text_eot_v1.1+gate200,silero_caller,threshold,0.2,198,0.14646464646464646,0.13636363636363635,0.31313131313131315,224.0,310.39999999999964,384.0,256.0,2000.0,2000.0
nova3_16k,text_eot_v1.1+gate200,silero_caller,threshold,0.25,198,0.10101010101010101,0.09090909090909091,0.4090909090909091,224.0,326.39999999999964,469.7599999999893,256.0,2000.0,2000.0
nova3_16k,text_eot_v1.1+gate200,silero_caller,threshold,0.3,198,0.09090909090909091,0.08585858585858586,0.45454545454545453,240.0,273.5999999999999,592.3199999999993,1880.0,2000.0,2000.0
nova3_16k,text_eot_v1.1+gate200,silero_caller,threshold,0.35,198,0.0707070707070707,0.06565656565656566,0.5,256.0,313.5999999999999,657.9199999999955,2000.0,2000.0,2000.0
nova3_16k,text_eot_v1.1+gate200,silero_caller,threshold,0.4,198,0.06060606060606061,0.05555555555555555,0.5808080808080808,224.0,352.0,841.5999999999963,2000.0,2000.0,2000.0
nova3_16k,text_eot_v1.1+gate200,silero_caller,threshold,0.45,198,0.050505050505050504,0.045454545454545456,0.6464646464646465,224.0,324.7999999999997,985.9199999999955,2000.0,2000.0,2000.0
nova3_16k,text_eot_v1.1+gate200,silero_caller,threshold,0.5,198,0.050505050505050504,0.045454545454545456,0.7070707070707071,256.0,359.9999999999998,1143.3600000000015,2000.0,2000.0,2000.0
nova3_16k,text_eot_v1.1+gate200,silero_caller,threshold,0.55,198,0.03535353535353535,0.030303030303030304,0.7727272727272727,256.0,279.9999999999998,1262.7200000000034,2000.0,2000.0,2000.0
nova3_16k,text_eot_v1.1+gate200,silero_caller,threshold,0.6,198,0.015151515151515152,0.010101010101010102,0.9090909090909091,256.0,303.99999999999983,393.5999999999999,2000.0,2000.0,2000.0
nova3_16k,text_eot_v1.1+gate200,silero_caller,threshold,0.65,198,0.0,0.0,0.98989898989899,256.0,256.0,256.0,2000.0,2000.0,2000.0
nova3_16k,text_eot_v1.1+gate200,silero_caller,threshold,0.7,198,0.0,0.0,1.0,,,,2000.0,2000.0,2000.0
nova3_16k,text_eot_v1.1+gate200,silero_caller,threshold,0.75,198,0.0,0.0,1.0,,,,2000.0,2000.0,2000.0
nova3_16k,text_eot_v1.1+gate200,silero_caller,threshold,0.8,198,0.0,0.0,1.0,,,,2000.0,2000.0,2000.0
nova3_16k,text_eot_v1.1+gate200,silero_caller,threshold,0.85,198,0.0,0.0,1.0,,,,2000.0,2000.0,2000.0
nova3_16k,text_eot_v1.1+gate200,silero_caller,threshold,0.9,198,0.0,0.0,1.0,,,,2000.0,2000.0,2000.0
nova3_16k,text_eot_v1.1+gate200,silero_caller,threshold,0.95,198,0.0,0.0,1.0,,,,2000.0,2000.0,2000.0
nova3_16k,prosody_prosody+gate200,silero_caller,threshold,0.05,198,0.2676767676767677,0.26262626262626265,0.025252525252525252,224.0,256.0,403.5199999999995,256.0,384.0,2000.0
nova3_16k,prosody_prosody+gate200,silero_caller,threshold,0.1,198,0.2676767676767677,0.26262626262626265,0.025252525252525252,224.0,256.0,403.5199999999995,256.0,384.0,2000.0
nova3_16k,prosody_prosody+gate200,silero_caller,threshold,0.15,198,0.2676767676767677,0.26262626262626265,0.025252525252525252,224.0,256.0,403.5199999999995,256.0,384.0,2000.0
nova3_16k,prosody_prosody+gate200,silero_caller,threshold,0.2,198,0.2676767676767677,0.26262626262626265,0.025252525252525252,224.0,256.0,403.5199999999995,256.0,384.0,2000.0
nova3_16k,prosody_prosody+gate200,silero_caller,threshold,0.25,198,0.2676767676767677,0.26262626262626265,0.025252525252525252,224.0,256.0,403.5199999999995,256.0,384.0,2000.0
nova3_16k,prosody_prosody+gate200,silero_caller,threshold,0.3,198,0.2676767676767677,0.26262626262626265,0.025252525252525252,224.0,256.0,403.5199999999995,256.0,384.0,2000.0
nova3_16k,prosody_prosody+gate200,silero_caller,threshold,0.35,198,0.2676767676767677,0.26262626262626265,0.025252525252525252,224.0,256.0,403.5199999999995,256.0,384.0,2000.0
nova3_16k,prosody_prosody+gate200,silero_caller,threshold,0.4,198,0.26262626262626265,0.25757575757575757,0.025252525252525252,224.0,256.0,403.1999999999998,256.0,384.0,2000.0
nova3_16k,prosody_prosody+gate200,silero_caller,threshold,0.45,198,0.25252525252525254,0.2474747474747475,0.050505050505050504,224.0,256.0,404.15999999999985,256.0,2000.0,2000.0
nova3_16k,prosody_prosody+gate200,silero_caller,threshold,0.5,198,0.25252525252525254,0.2474747474747475,0.10606060606060606,256.0,256.0,407.67999999999984,256.0,2000.0,2000.0
nova3_16k,prosody_prosody+gate200,silero_caller,threshold,0.55,198,0.21212121212121213,0.20707070707070707,0.16666666666666666,256.0,256.0,408.96000000000004,256.0,2000.0,2000.0
nova3_16k,prosody_prosody+gate200,silero_caller,threshold,0.6,198,0.16161616161616163,0.15656565656565657,0.29797979797979796,224.0,288.0,414.0799999999999,256.0,2000.0,2000.0
nova3_16k,prosody_prosody+gate200,silero_caller,threshold,0.65,198,0.10606060606060606,0.10101010101010101,0.51010101010101,256.0,328.0,392.0,2000.0,2000.0,2000.0
nova3_16k,prosody_prosody+gate200,silero_caller,threshold,0.7,198,0.0707070707070707,0.06565656565656566,0.6666666666666666,256.0,256.0,367.68000000000006,2000.0,2000.0,2000.0
nova3_16k,prosody_prosody+gate200,silero_caller,threshold,0.75,198,0.04040404040404041,0.04040404040404041,0.8434343434343434,256.0,256.0,256.0,2000.0,2000.0,2000.0
nova3_16k,prosody_prosody+gate200,silero_caller,threshold,0.8,198,0.010101010101010102,0.010101010101010102,0.9797979797979798,224.0,224.0,224.0,2000.0,2000.0,2000.0
nova3_16k,prosody_prosody+gate200,silero_caller,threshold,0.85,198,0.0,0.0,1.0,,,,2000.0,2000.0,2000.0
nova3_16k,prosody_prosody+gate200,silero_caller,threshold,0.9,198,0.0,0.0,1.0,,,,2000.0,2000.0,2000.0
nova3_16k,prosody_prosody+gate200,silero_caller,threshold,0.95,198,0.0,0.0,1.0,,,,2000.0,2000.0,2000.0
nova3_16k,prosody_fusion+gate200,silero_caller,threshold,0.05,198,0.26262626262626265,0.25757575757575757,0.045454545454545456,224.0,256.0,404.47999999999956,240.0,2000.0,2000.0
nova3_16k,prosody_fusion+gate200,silero_caller,threshold,0.1,198,0.25252525252525254,0.2474747474747475,0.06565656565656566,224.0,265.5999999999999,405.1199999999999,256.0,2000.0,2000.0
nova3_16k,prosody_fusion+gate200,silero_caller,threshold,0.15,198,0.25252525252525254,0.2474747474747475,0.06565656565656566,224.0,265.5999999999999,405.1199999999999,256.0,2000.0,2000.0
nova3_16k,prosody_fusion+gate200,silero_caller,threshold,0.2,198,0.25252525252525254,0.2474747474747475,0.06565656565656566,224.0,265.5999999999999,405.1199999999999,256.0,2000.0,2000.0
nova3_16k,prosody_fusion+gate200,silero_caller,threshold,0.25,198,0.25252525252525254,0.2474747474747475,0.06565656565656566,224.0,265.5999999999999,405.1199999999999,256.0,2000.0,2000.0
nova3_16k,prosody_fusion+gate200,silero_caller,threshold,0.3,198,0.25252525252525254,0.2474747474747475,0.07575757575757576,224.0,268.7999999999997,405.7600000000002,256.0,2000.0,2000.0
nova3_16k,prosody_fusion+gate200,silero_caller,threshold,0.35,198,0.2474747474747475,0.24242424242424243,0.08585858585858586,224.0,270.39999999999964,406.0799999999999,256.0,2000.0,2000.0
nova3_16k,prosody_fusion+gate200,silero_caller,threshold,0.4,198,0.22727272727272727,0.2222222222222222,0.10606060606060606,224.0,270.39999999999964,406.0799999999999,256.0,2000.0,2000.0
nova3_16k,prosody_fusion+gate200,silero_caller,threshold,0.45,198,0.2222222222222222,0.21717171717171718,0.1414141414141414,224.0,288.0,408.0,256.0,2000.0,2000.0
nova3_16k,prosody_fusion+gate200,silero_caller,threshold,0.5,198,0.21717171717171718,0.21212121212121213,0.16666666666666666,224.0,288.0,384.0,256.0,2000.0,2000.0
nova3_16k,prosody_fusion+gate200,silero_caller,threshold,0.55,198,0.20202020202020202,0.19696969696969696,0.1919191919191919,224.0,320.0,384.0,256.0,2000.0,2000.0
nova3_16k,prosody_fusion+gate200,silero_caller,threshold,0.6,198,0.16161616161616163,0.15656565656565657,0.24242424242424243,224.0,320.0,384.0,256.0,2000.0,2000.0
nova3_16k,prosody_fusion+gate200,silero_caller,threshold,0.65,198,0.13636363636363635,0.13131313131313133,0.2828282828282828,224.0,320.0,384.0,256.0,2000.0,2000.0
nova3_16k,prosody_fusion+gate200,silero_caller,threshold,0.7,198,0.10101010101010101,0.09595959595959595,0.36363636363636365,256.0,320.0,384.0,256.0,2000.0,2000.0
nova3_16k,prosody_fusion+gate200,silero_caller,threshold,0.75,198,0.08080808080808081,0.07575757575757576,0.4595959595959596,224.0,320.0,387.1999999999998,1208.0,2000.0,2000.0
nova3_16k,prosody_fusion+gate200,silero_caller,threshold,0.8,198,0.06565656565656566,0.06060606060606061,0.6060606060606061,256.0,332.7999999999997,899.8399999999992,2000.0,2000.0,2000.0
nova3_16k,prosody_fusion+gate200,silero_caller,threshold,0.85,198,0.04040404040404041,0.04040404040404041,0.7171717171717171,224.0,256.0,1053.1200000000017,2000.0,2000.0,2000.0
nova3_16k,prosody_fusion+gate200,silero_caller,threshold,0.9,198,0.015151515151515152,0.015151515151515152,0.8535353535353535,224.0,256.0,400.0,2000.0,2000.0,2000.0
nova3_16k,prosody_fusion+gate200,silero_caller,threshold,0.95,198,0.005050505050505051,0.005050505050505051,0.98989898989899,224.0,224.0,224.0,2000.0,2000.0,2000.0
nova3_tel,flux,silero_tel_caller,eot_threshold,0.7,198,0.10101010101010101,0.09595959595959595,0.12121212121212122,480.0,1206.3999999999996,1726.08,544.0,2000.0,2000.0
nova3_tel,flux_conf,silero_tel_caller,threshold,0.05,198,0.6616161616161617,0.6212121212121212,0.09090909090909091,96.0,409.59999999999945,1071.359999999997,160.0,2000.0,2000.0
nova3_tel,flux_conf,silero_tel_caller,threshold,0.1,198,0.601010101010101,0.5404040404040404,0.09090909090909091,96.0,448.0,979.1999999999989,160.0,2000.0,2000.0
nova3_tel,flux_conf,silero_tel_caller,threshold,0.15,198,0.5454545454545454,0.47474747474747475,0.09090909090909091,96.0,395.2000000000003,894.7200000000048,160.0,2000.0,2000.0
nova3_tel,flux_conf,silero_tel_caller,threshold,0.2,198,0.4898989898989899,0.42424242424242425,0.09090909090909091,96.0,438.3999999999992,810.2399999999943,160.0,2000.0,2000.0
nova3_tel,flux_conf,silero_tel_caller,threshold,0.25,198,0.4444444444444444,0.3787878787878788,0.09090909090909091,128.0,526.4000000000001,857.6000000000022,160.0,2000.0,2000.0
nova3_tel,flux_conf,silero_tel_caller,threshold,0.3,198,0.4090909090909091,0.3434343434343434,0.09090909090909091,128.0,556.7999999999993,938.239999999998,160.0,2000.0,2000.0
nova3_tel,flux_conf,silero_tel_caller,threshold,0.35,198,0.35858585858585856,0.3181818181818182,0.09090909090909091,160.0,531.1999999999998,1016.3200000000002,192.0,2000.0,2000.0
nova3_tel,flux_conf,silero_tel_caller,threshold,0.4,198,0.30303030303030304,0.2727272727272727,0.09090909090909091,192.0,676.7999999999997,1101.7600000000002,224.0,2000.0,2000.0
nova3_tel,flux_conf,silero_tel_caller,threshold,0.45,198,0.2676767676767677,0.2474747474747475,0.09090909090909091,224.0,854.3999999999996,1095.0399999999995,256.0,2000.0,2000.0
nova3_tel,flux_conf,silero_tel_caller,threshold,0.5,198,0.20707070707070707,0.1919191919191919,0.09090909090909091,288.0,870.3999999999996,1242.2400000000016,320.0,2000.0,2000.0
nova3_tel,flux_conf,silero_tel_caller,threshold,0.55,198,0.15656565656565657,0.15151515151515152,0.09090909090909091,352.0,1049.5999999999995,1440.0,352.0,2000.0,2000.0
nova3_tel,flux_conf,silero_tel_caller,threshold,0.6,198,0.14646464646464646,0.1414141414141414,0.10101010101010101,352.0,1215.999999999999,1664.0,416.0,2000.0,2000.0
nova3_tel,flux_conf,silero_tel_caller,threshold,0.65,198,0.13131313131313133,0.12626262626262627,0.11616161616161616,416.0,1126.3999999999996,1843.2000000000016,480.0,2000.0,2000.0
nova3_tel,flux_conf,silero_tel_caller,threshold,0.7,198,0.1111111111111111,0.10606060606060606,0.12121212121212122,448.0,1166.3999999999996,1727.3600000000006,512.0,2000.0,2000.0
nova3_tel,flux_conf,silero_tel_caller,threshold,0.75,198,0.05555555555555555,0.04040404040404041,0.6414141414141414,400.0,964.7999999999997,1114.2399999999998,2000.0,2000.0,2000.0
nova3_tel,flux_conf,silero_tel_caller,threshold,0.8,198,0.030303030303030304,0.020202020202020204,0.8585858585858586,496.0,828.8,1034.2399999999998,2000.0,2000.0,2000.0
nova3_tel,flux_conf,silero_tel_caller,threshold,0.85,198,0.005050505050505051,0.005050505050505051,0.9494949494949495,416.0,959.9999999999999,1062.4,2000.0,2000.0,2000.0
nova3_tel,flux_conf,silero_tel_caller,threshold,0.9,198,0.0,0.0,0.98989898989899,704.0,819.2,829.44,2000.0,2000.0,2000.0
nova3_tel,flux_conf,silero_tel_caller,threshold,0.95,198,0.0,0.0,1.0,,,,2000.0,2000.0,2000.0
nova3_tel,nova3_speech_final,silero_tel_caller,none,0.0,198,0.5202020202020202,0.4444444444444444,0.03535353535353535,64.0,288.0,352.0,96.0,2000.0,2000.0
nova3_tel,fixed_timeout+silero,silero_tel_caller,timeout_ms,100,198,0.8181818181818182,0.7828282828282829,0.0,160.0,224.0,307.1999999999998,160.0,224.0,307.1999999999998
nova3_tel,fixed_timeout+silero,silero_tel_caller,timeout_ms,200,198,0.6363636363636364,0.601010101010101,0.0,256.0,320.0,448.0,256.0,320.0,448.0
nova3_tel,fixed_timeout+silero,silero_tel_caller,timeout_ms,300,198,0.4797979797979798,0.42424242424242425,0.0,352.0,448.0,542.7200000000003,352.0,448.0,542.7200000000003
nova3_tel,fixed_timeout+silero,silero_tel_caller,timeout_ms,400,198,0.3484848484848485,0.32323232323232326,0.0,416.0,544.0,640.0,416.0,544.0,640.0
nova3_tel,fixed_timeout+silero,silero_tel_caller,timeout_ms,500,198,0.25252525252525254,0.24242424242424243,0.0,512.0,640.0,736.0,512.0,640.0,736.0
nova3_tel,fixed_timeout+silero,silero_tel_caller,timeout_ms,600,198,0.23737373737373738,0.21717171717171718,0.0,608.0,736.0,832.0,608.0,736.0,832.0
nova3_tel,fixed_timeout+silero,silero_tel_caller,timeout_ms,700,198,0.1919191919191919,0.1717171717171717,0.0,704.0,832.0,928.0,704.0,832.0,928.0
nova3_tel,fixed_timeout+silero,silero_tel_caller,timeout_ms,800,198,0.17676767676767677,0.1717171717171717,0.0,800.0,928.0,1024.0,800.0,928.0,1024.0
nova3_tel,fixed_timeout+silero,silero_tel_caller,timeout_ms,900,198,0.12121212121212122,0.12121212121212122,0.0,928.0,1056.0,1152.0,928.0,1056.0,1152.0
nova3_tel,fixed_timeout+silero,silero_tel_caller,timeout_ms,1000,198,0.10606060606060606,0.10101010101010101,0.0,1024.0,1152.0,1248.0,1024.0,1152.0,1248.0
nova3_tel,fixed_timeout+silero,silero_tel_caller,timeout_ms,1100,198,0.10101010101010101,0.09595959595959595,0.0,1120.0,1248.0,1344.0,1120.0,1248.0,1344.0
nova3_tel,fixed_timeout+silero,silero_tel_caller,timeout_ms,1200,198,0.07575757575757576,0.0707070707070707,0.0,1216.0,1344.0,1440.0,1216.0,1344.0,1440.0
nova3_tel,fixed_timeout+silero,silero_tel_caller,timeout_ms,1300,198,0.06565656565656566,0.06060606060606061,0.0,1312.0,1440.0,1536.0,1312.0,1440.0,1536.0
nova3_tel,fixed_timeout+silero,silero_tel_caller,timeout_ms,1400,198,0.05555555555555555,0.05555555555555555,0.0,1408.0,1536.0,1632.0,1408.0,1536.0,1632.0
nova3_tel,fixed_timeout+silero,silero_tel_caller,timeout_ms,1500,198,0.045454545454545456,0.04040404040404041,0.0,1504.0,1632.0,1728.0,1504.0,1632.0,1728.0
nova3_tel,fixed_timeout+silero,silero_tel_caller,timeout_ms,1600,198,0.03535353535353535,0.025252525252525252,0.0,1600.0,1728.0,1824.0,1600.0,1728.0,1824.0
nova3_tel,fixed_timeout+silero,silero_tel_caller,timeout_ms,1700,198,0.020202020202020204,0.020202020202020204,0.005050505050505051,1728.0,1856.0,1952.0,1728.0,1856.0,1952.0
nova3_tel,fixed_timeout+silero,silero_tel_caller,timeout_ms,1800,198,0.015151515151515152,0.015151515151515152,0.020202020202020204,1824.0,1920.0,1955.1999999999998,1824.0,1952.0,2000.0
nova3_tel,fixed_timeout+silero,silero_tel_caller,timeout_ms,1900,198,0.005050505050505051,0.005050505050505051,0.1111111111111111,1920.0,1984.0,1984.0,1920.0,2000.0,2000.0
nova3_tel,fixed_timeout+silero,silero_tel_caller,timeout_ms,2000,198,0.005050505050505051,0.005050505050505051,0.6464646464646465,1824.0,1984.0,1984.0,2000.0,2000.0,2000.0
nova3_tel,fixed_timeout+energy,energy_tel_caller,timeout_ms,500.0,198,0.14646464646464646,0.1414141414141414,0.0,448.0,672.0,672.0,448.0,672.0,672.0
nova3_tel,fixed_timeout+energy,energy_tel_caller,timeout_ms,800.0,198,0.06565656565656566,0.06565656565656566,0.0,736.0,960.0,960.0,736.0,960.0,960.0
nova3_tel,fixed_timeout+energy,energy_tel_caller,timeout_ms,1000.0,198,0.015151515151515152,0.015151515151515152,0.0,960.0,1184.0,1184.0,960.0,1184.0,1184.0
nova3_tel,punctuation,silero_tel_caller,none,0.0,198,0.47474747474747475,0.36363636363636365,0.1717171717171717,64.0,192.0,224.0,96.0,2000.0,2000.0
nova3_tel,punctuation+gate200,silero_tel_caller,none,0.0,198,0.24242424242424243,0.21717171717171718,0.18686868686868688,256.0,352.0,440.3199999999997,288.0,2000.0,2000.0
nova3_tel,text_eot_v1.1,silero_tel_caller,threshold,0.05,198,0.6262626262626263,0.5303030303030303,0.14646464646464646,64.0,160.0,192.0,128.0,2000.0,2000.0
nova3_tel,text_eot_v1.1,silero_tel_caller,threshold,0.1,198,0.5606060606060606,0.4696969696969697,0.18181818181818182,64.0,176.0,432.0,128.0,2000.0,2000.0
nova3_tel,text_eot_v1.1,silero_tel_caller,threshold,0.15,198,0.5202020202020202,0.4292929292929293,0.21717171717171718,64.0,174.39999999999986,192.0,160.0,2000.0,2000.0
nova3_tel,text_eot_v1.1,silero_tel_caller,threshold,0.2,198,0.4696969696969697,0.3888888888888889,0.2727272727272727,64.0,176.0,192.0,2000.0,2000.0,2000.0
nova3_tel,text_eot_v1.1,silero_tel_caller,threshold,0.25,198,0.398989898989899,0.32323232323232326,0.36363636363636365,64.0,192.0,1134.079999999999,2000.0,2000.0,2000.0
nova3_tel,text_eot_v1.1,silero_tel_caller,threshold,0.3,198,0.3333333333333333,0.25757575757575757,0.43434343434343436,64.0,192.0,1145.5999999999967,2000.0,2000.0,2000.0
nova3_tel,text_eot_v1.1,silero_tel_caller,threshold,0.35,198,0.2878787878787879,0.21717171717171718,0.4797979797979798,64.0,216.0,1145.5999999999967,2000.0,2000.0,2000.0
nova3_tel,text_eot_v1.1,silero_tel_caller,threshold,0.4,198,0.22727272727272727,0.16161616161616163,0.5404040404040404,64.0,216.0,1145.5999999999967,2000.0,2000.0,2000.0
nova3_tel,text_eot_v1.1,silero_tel_caller,threshold,0.45,198,0.16666666666666666,0.1111111111111111,0.6414141414141414,64.0,267.1999999999996,1237.760000000003,2000.0,2000.0,2000.0
nova3_tel,text_eot_v1.1,silero_tel_caller,threshold,0.5,198,0.13636363636363635,0.10101010101010101,0.7070707070707071,64.0,176.0,1222.399999999999,2000.0,2000.0,2000.0
nova3_tel,text_eot_v1.1,silero_tel_caller,threshold,0.55,198,0.10101010101010101,0.0707070707070707,0.7676767676767676,64.0,184.0,1296.0,2000.0,2000.0,2000.0
nova3_tel,text_eot_v1.1,silero_tel_caller,threshold,0.6,198,0.06060606060606061,0.03535353535353535,0.8939393939393939,32.0,102.39999999999998,122.88,2000.0,2000.0,2000.0
nova3_tel,text_eot_v1.1,silero_tel_caller,threshold,0.65,198,0.010101010101010102,0.005050505050505051,0.9848484848484849,0.0,0.0,0.0,2000.0,2000.0,2000.0
nova3_tel,text_eot_v1.1,silero_tel_caller,threshold,0.7,198,0.0,0.0,1.0,,,,2000.0,2000.0,2000.0
nova3_tel,text_eot_v1.1,silero_tel_caller,threshold,0.75,198,0.0,0.0,1.0,,,,2000.0,2000.0,2000.0
nova3_tel,text_eot_v1.1,silero_tel_caller,threshold,0.8,198,0.0,0.0,1.0,,,,2000.0,2000.0,2000.0
nova3_tel,text_eot_v1.1,silero_tel_caller,threshold,0.85,198,0.0,0.0,1.0,,,,2000.0,2000.0,2000.0
nova3_tel,text_eot_v1.1,silero_tel_caller,threshold,0.9,198,0.0,0.0,1.0,,,,2000.0,2000.0,2000.0
nova3_tel,text_eot_v1.1,silero_tel_caller,threshold,0.95,198,0.0,0.0,1.0,,,,2000.0,2000.0,2000.0
nova3_tel,text_eot_v1.1+gate200,silero_tel_caller,threshold,0.05,198,0.2828282828282828,0.25757575757575757,0.16161616161616163,256.0,352.0,442.2399999999998,256.0,2000.0,2000.0
nova3_tel,text_eot_v1.1+gate200,silero_tel_caller,threshold,0.1,198,0.25757575757575757,0.23232323232323232,0.21212121212121213,256.0,352.0,448.0,256.0,2000.0,2000.0
nova3_tel,text_eot_v1.1+gate200,silero_tel_caller,threshold,0.15,198,0.21717171717171718,0.1919191919191919,0.2828282828282828,224.0,323.1999999999998,385.27999999999975,288.0,2000.0,2000.0
nova3_tel,text_eot_v1.1+gate200,silero_tel_caller,threshold,0.2,198,0.1919191919191919,0.17676767676767677,0.3434343434343434,256.0,334.4000000000001,389.7600000000002,304.0,2000.0,2000.0
nova3_tel,text_eot_v1.1+gate200,silero_tel_caller,threshold,0.25,198,0.13131313131313133,0.12121212121212122,0.4444444444444444,256.0,352.0,707.840000000002,2000.0,2000.0,2000.0
nova3_tel,text_eot_v1.1+gate200,silero_tel_caller,threshold,0.3,198,0.1111111111111111,0.10606060606060606,0.48484848484848486,256.0,352.0,753.9199999999928,2000.0,2000.0,2000.0
nova3_tel,text_eot_v1.1+gate200,silero_tel_caller,threshold,0.35,198,0.09090909090909091,0.08585858585858586,0.5252525252525253,256.0,352.0,800.0,2000.0,2000.0,2000.0
nova3_tel,text_eot_v1.1+gate200,silero_tel_caller,threshold,0.4,198,0.08080808080808081,0.07575757575757576,0.5808080808080808,224.0,352.0,903.6800000000039,2000.0,2000.0,2000.0
nova3_tel,text_eot_v1.1+gate200,silero_tel_caller,threshold,0.45,198,0.06060606060606061,0.06060606060606061,0.6717171717171717,224.0,390.39999999999986,1064.9599999999964,2000.0,2000.0,2000.0
nova3_tel,text_eot_v1.1+gate200,silero_tel_caller,threshold,0.5,198,0.06060606060606061,0.06060606060606061,0.7272727272727273,224.0,350.39999999999986,1165.4399999999955,2000.0,2000.0,2000.0
nova3_tel,text_eot_v1.1+gate200,silero_tel_caller,threshold,0.55,198,0.04040404040404041,0.04040404040404041,0.7828282828282829,224.0,358.39999999999964,1250.5599999999959,2000.0,2000.0,2000.0
nova3_tel,text_eot_v1.1+gate200,silero_tel_caller,threshold,0.6,198,0.015151515151515152,0.015151515151515152,0.898989898989899,224.0,345.5999999999999,427.52,2000.0,2000.0,2000.0
nova3_tel,text_eot_v1.1+gate200,silero_tel_caller,threshold,0.65,198,0.0,0.0,0.9848484848484849,224.0,224.0,224.0,2000.0,2000.0,2000.0
nova3_tel,text_eot_v1.1+gate200,silero_tel_caller,threshold,0.7,198,0.0,0.0,1.0,,,,2000.0,2000.0,2000.0
nova3_tel,text_eot_v1.1+gate200,silero_tel_caller,threshold,0.75,198,0.0,0.0,1.0,,,,2000.0,2000.0,2000.0
nova3_tel,text_eot_v1.1+gate200,silero_tel_caller,threshold,0.8,198,0.0,0.0,1.0,,,,2000.0,2000.0,2000.0
nova3_tel,text_eot_v1.1+gate200,silero_tel_caller,threshold,0.85,198,0.0,0.0,1.0,,,,2000.0,2000.0,2000.0
nova3_tel,text_eot_v1.1+gate200,silero_tel_caller,threshold,0.9,198,0.0,0.0,1.0,,,,2000.0,2000.0,2000.0
nova3_tel,text_eot_v1.1+gate200,silero_tel_caller,threshold,0.95,198,0.0,0.0,1.0,,,,2000.0,2000.0,2000.0
nova3_tel,prosody_prosody+gate200,silero_tel_caller,threshold,0.05,198,0.29292929292929293,0.2777777777777778,0.15656565656565657,256.0,339.1999999999998,442.8800000000001,256.0,2000.0,2000.0
nova3_tel,prosody_prosody+gate200,silero_tel_caller,threshold,0.1,198,0.29292929292929293,0.2777777777777778,0.15656565656565657,256.0,339.1999999999998,442.8800000000001,256.0,2000.0,2000.0
nova3_tel,prosody_prosody+gate200,silero_tel_caller,threshold,0.15,198,0.29292929292929293,0.2777777777777778,0.15656565656565657,256.0,339.1999999999998,442.8800000000001,256.0,2000.0,2000.0
nova3_tel,prosody_prosody+gate200,silero_tel_caller,threshold,0.2,198,0.2878787878787879,0.2727272727272727,0.15656565656565657,256.0,337.5999999999999,442.2399999999998,256.0,2000.0,2000.0
nova3_tel,prosody_prosody+gate200,silero_tel_caller,threshold,0.25,198,0.2878787878787879,0.2727272727272727,0.15656565656565657,256.0,337.5999999999999,442.2399999999998,256.0,2000.0,2000.0
nova3_tel,prosody_prosody+gate200,silero_tel_caller,threshold,0.3,198,0.2878787878787879,0.2727272727272727,0.15656565656565657,256.0,337.5999999999999,442.2399999999998,256.0,2000.0,2000.0
nova3_tel,prosody_prosody+gate200,silero_tel_caller,threshold,0.35,198,0.2878787878787879,0.2727272727272727,0.15656565656565657,256.0,337.5999999999999,442.2399999999998,256.0,2000.0,2000.0
nova3_tel,prosody_prosody+gate200,silero_tel_caller,threshold,0.4,198,0.2878787878787879,0.2727272727272727,0.15656565656565657,256.0,337.5999999999999,442.2399999999998,256.0,2000.0,2000.0
nova3_tel,prosody_prosody+gate200,silero_tel_caller,threshold,0.45,198,0.2828282828282828,0.2676767676767677,0.16161616161616163,256.0,352.0,442.2399999999998,256.0,2000.0,2000.0
nova3_tel,prosody_prosody+gate200,silero_tel_caller,threshold,0.5,198,0.2727272727272727,0.25757575757575757,0.20202020202020202,256.0,352.0,446.0799999999999,288.0,2000.0,2000.0
nova3_tel,prosody_prosody+gate200,silero_tel_caller,threshold,0.55,198,0.26262626262626265,0.2474747474747475,0.2222222222222222,256.0,350.39999999999964,383.67999999999984,288.0,2000.0,2000.0
nova3_tel,prosody_prosody+gate200,silero_tel_caller,threshold,0.6,198,0.21717171717171718,0.20202020202020202,0.2777777777777778,256.0,321.5999999999999,384.6400000000003,288.0,2000.0,2000.0
nova3_tel,prosody_prosody+gate200,silero_tel_caller,threshold,0.65,198,0.17676767676767677,0.16161616161616163,0.42424242424242425,256.0,352.0,398.0799999999999,2000.0,2000.0,2000.0
nova3_tel,prosody_prosody+gate200,silero_tel_caller,threshold,0.7,198,0.13131313131313133,0.11616161616161616,0.5858585858585859,256.0,352.0,412.8000000000002,2000.0,2000.0,2000.0
nova3_tel,prosody_prosody+gate200,silero_tel_caller,threshold,0.75,198,0.08585858585858586,0.07575757575757576,0.7676767676767676,256.0,339.19999999999993,375.03999999999996,2000.0,2000.0,2000.0
nova3_tel,prosody_prosody+gate200,silero_tel_caller,threshold,0.8,198,0.025252525252525252,0.020202020202020204,0.9444444444444444,208.0,256.0,256.0,2000.0,2000.0,2000.0
nova3_tel,prosody_prosody+gate200,silero_tel_caller,threshold,0.85,198,0.0,0.0,1.0,,,,2000.0,2000.0,2000.0
nova3_tel,prosody_prosody+gate200,silero_tel_caller,threshold,0.9,198,0.0,0.0,1.0,,,,2000.0,2000.0,2000.0
nova3_tel,prosody_prosody+gate200,silero_tel_caller,threshold,0.95,198,0.0,0.0,1.0,,,,2000.0,2000.0,2000.0
nova3_tel,prosody_fusion+gate200,silero_tel_caller,threshold,0.05,198,0.2878787878787879,0.2727272727272727,0.16161616161616163,256.0,339.1999999999998,442.8800000000001,256.0,2000.0,2000.0
nova3_tel,prosody_fusion+gate200,silero_tel_caller,threshold,0.1,198,0.2727272727272727,0.26262626262626265,0.1717171717171717,256.0,352.0,442.2399999999998,256.0,2000.0,2000.0
nova3_tel,prosody_fusion+gate200,silero_tel_caller,threshold,0.15,198,0.2727272727272727,0.26262626262626265,0.1717171717171717,256.0,352.0,442.2399999999998,256.0,2000.0,2000.0
nova3_tel,prosody_fusion+gate200,silero_tel_caller,threshold,0.2,198,0.2727272727272727,0.26262626262626265,0.1717171717171717,256.0,352.0,442.2399999999998,256.0,2000.0,2000.0
nova3_tel,prosody_fusion+gate200,silero_tel_caller,threshold,0.25,198,0.2727272727272727,0.26262626262626265,0.17676767676767677,256.0,352.0,442.8800000000001,256.0,2000.0,2000.0
nova3_tel,prosody_fusion+gate200,silero_tel_caller,threshold,0.3,198,0.2727272727272727,0.26262626262626265,0.18181818181818182,256.0,352.0,443.5199999999995,256.0,2000.0,2000.0
nova3_tel,prosody_fusion+gate200,silero_tel_caller,threshold,0.35,198,0.2676767676767677,0.25757575757575757,0.1919191919191919,256.0,352.0,444.15999999999985,256.0,2000.0,2000.0
nova3_tel,prosody_fusion+gate200,silero_tel_caller,threshold,0.4,198,0.26262626262626265,0.25252525252525254,0.20707070707070707,256.0,352.0,445.4399999999996,288.0,2000.0,2000.0
nova3_tel,prosody_fusion+gate200,silero_tel_caller,threshold,0.45,198,0.25252525252525254,0.24242424242424243,0.23737373737373738,256.0,352.0,448.0,288.0,2000.0,2000.0
nova3_tel,prosody_fusion+gate200,silero_tel_caller,threshold,0.5,198,0.2474747474747475,0.23737373737373738,0.25757575757575757,256.0,352.0,448.0,288.0,2000.0,2000.0
nova3_tel,prosody_fusion+gate200,silero_tel_caller,threshold,0.55,198,0.23232323232323232,0.2222222222222222,0.2878787878787879,256.0,352.0,448.0,288.0,2000.0,2000.0
nova3_tel,prosody_fusion+gate200,silero_tel_caller,threshold,0.6,198,0.19696969696969696,0.18686868686868688,0.31313131313131315,256.0,352.0,386.5599999999995,288.0,2000.0,2000.0
nova3_tel,prosody_fusion+gate200,silero_tel_caller,threshold,0.65,198,0.15656565656565657,0.14646464646464646,0.3484848484848485,256.0,352.0,385.9200000000001,288.0,2000.0,2000.0
nova3_tel,prosody_fusion+gate200,silero_tel_caller,threshold,0.7,198,0.14646464646464646,0.13636363636363635,0.4292929292929293,256.0,347.1999999999998,432.9600000000005,2000.0,2000.0,2000.0
nova3_tel,prosody_fusion+gate200,silero_tel_caller,threshold,0.75,198,0.1111111111111111,0.10606060606060606,0.5151515151515151,256.0,331.1999999999998,729.5999999999949,2000.0,2000.0,2000.0
nova3_tel,prosody_fusion+gate200,silero_tel_caller,threshold,0.8,198,0.10101010101010101,0.09595959595959595,0.601010101010101,224.0,323.1999999999998,365.44000000000005,2000.0,2000.0,2000.0
nova3_tel,prosody_fusion+gate200,silero_tel_caller,threshold,0.85,198,0.0707070707070707,0.06060606060606061,0.7474747474747475,224.0,320.0,340.79999999999995,2000.0,2000.0,2000.0
nova3_tel,prosody_fusion+gate200,silero_tel_caller,threshold,0.9,198,0.03535353535353535,0.025252525252525252,0.8636363636363636,224.0,299.20000000000016,469.4399999999997,2000.0,2000.0,2000.0
nova3_tel,prosody_fusion+gate200,silero_tel_caller,threshold,0.95,198,0.005050505050505051,0.005050505050505051,0.9747474747474747,128.0,155.2,159.04,2000.0,2000.0,2000.0
